feature,importance
ts_y,0.04633770015201742
orig_bytes,0.04425161421607439
flow_speed,0.04255344287179522
bytes_ratio,0.0396907019975873
ts_x,0.038821814389304606
pkt_upload_bias,0.03582774913882434
pkts_diff,0.03488905926876452
orig_rate,0.03451063810677434
avg_pkt_size_orig,0.033977157135936055
conn_state_SF,0.03272247010636835
duration_x,0.031734392704863904
ts,0.028215590479225693
resp_rate,0.027036227740956285
orig_pkts,0.020918271381520536
upload_bias,0.020565843246206084
missed_bytes,0.020270372207516842
is_orig_0,0.019989902902289206
total_pkts,0.019686964603094364
pkt_download_bias,0.018752655350612914
pkts_ratio,0.017729922522203675
total_ip_bytes,0.01754650545794156
history_ShADadcgFf,0.017272379608298728
analyzers_0,0.015377149545570956
resp_pkts,0.015340380852514686
orig_ip_bytes,0.015267784020060337
parent_fuid_0,0.013396783581251022
conn_state_RSTO,0.013387081504604858
mime_type_0,0.012782497804055331
local_orig_y_0,0.012505362883247216
source_0,0.012368206951160433
resp_bytes,0.012213680441595258
analyzers_(empty),0.012103837631594014
parent_fuid_-,0.011687889893124895
avg_pkt_size_resp,0.011448573084613169
bytes_diff,0.011258392267246281
total_bytes,0.011041428742129895
download_bias,0.010969483080478088
is_heavy_upload,0.010914390979563711
trans_depth,0.009845589859184089
ip_bytes_ratio,0.009640694954739093
timedout_0,0.009524131874693925
source_HTTP,0.00917343536820839
seen_bytes,0.008438625190247144
ip_bytes_diff,0.008199127870120147
local_orig_y_T,0.007946941382547488
history_ShADacgfF,0.007826755437644753
timedout_F,0.007220605704010672
resp_ip_bytes,0.006269618598826347
resp_fuids_-,0.004456319574032659
is_long_connection,0.004376325265951383
mime_type_text/plain,0.0034686339337644365
response_body_len,0.0034478534380182556
orig_fuids_-,0.003307497129314811
is_orig_T,0.002925663108662419
version_-,0.0028653503004629484
status_code_-,0.0027353281924196483
id.orig_p_x,0.0022296032220223486
status_msg_-,0.0017439426067059702
orig_fuids_0,0.0016464211762864966
is_orig_F,0.0015871847264288341
request_body_len,0.0015858574650641061
version_1.1,0.0014451001135785898
orig_mime_types_-,0.0014371898089383796
info_code_0,0.0013693987989029006
resp_mime_types_text/html,0.0013441915075055391
status_msg_0,0.0012759608528788292
status_msg_Found,0.001159516838987456
resp_mime_types_-,0.001138982660630162
history_ShADacfgF,0.0011273942008071037
orig_mime_types_0,0.0010974323079177596
info_code_-,0.001081749842673554
orig_mime_types_text/plain,0.0010743924325197862
mime_type_text/html,0.0010139316214080854
duration_y,0.0009854176078434862
conn_state_S0,0.0009486019566046908
is_heavy_download,0.000913571651801127
resp_filenames_-,0.0008857124119719025
resp_filenames_0,0.0008418366962989995
version_0,0.0008187778053958233
status_code_0,0.0007560713593389764
info_msg_-,0.0007136288778265887
origin_0,0.0007093626306899595
resp_fuids_0,0.0006683066982517631
resp_mime_types_0,0.000644282938263625
proxied_-,0.0006144424925186347
status_code_200,0.0006119674547745543
service_http,0.0005906430046943175
history_S,0.0005859215619610634
origin_-,0.0005584522954428005
orig_filenames_-,0.0005246267220265845
conn_state_RSTR,0.000521432999512905
status_code_302,0.000521396882880862
service_-,0.0004762213412482705
info_msg_0,0.0004523067972861471
history_ShADacdgfR,0.0004261578180064669
history_ShADacgfR,0.0004152333385536665
orig_filenames_0,0.00032846588102218506
history_ShADadgcFf,0.0003139770654091413
proxied_0,0.00030513194307098084
history_ShADadcgfR,0.00030439626463650224
mime_type_-,0.0002902947783150912
missing_bytes,0.0002806445644823809
history_ShADTF,0.00027811762233591005
timedout_T,0.00017999219048333635
history_ShADTadcgfR,0.0001719749554930424
status_msg_OK,0.00012522516723457547
history_ShADTacgdfR,0.0001125835881339741
history_ShADacgdfR,9.132080909852387e-05
history_ShADTadfR,8.667267123133062e-05
conn_state_S2,8.439938132665825e-05
history_ShADTFacR,8.010844361113022e-05
history_ShADTacdgfR,7.70273951573757e-05
history_ShADTaFcdR,6.173287281647693e-05
history_ShADTaFdcR,6.081045015680486e-05
history_ShADTFr,5.897105336641236e-05
history_ShADTadcgR,4.1896528195302146e-05
history_ShADTaFcdRf,4.0665724884232105e-05
history_ShADTaFcdfR,3.9128730420260315e-05
history_ShADadgcfR,3.748655851401506e-05
history_ShADTacgR,3.481911424684218e-05
history_ShADTFdRf,3.255131161067949e-05
history_ShADadcgGFf,2.9148749144480292e-05
history_ShADTFdRc,2.652948388768571e-05
history_ShADTFcR,2.4852136536677653e-05
resp_fuids_FDa97B4tBqpnti8D2i,2.451668437267234e-05
history_ShADTaFdRc,2.4397826859457392e-05
history_ShADTFaTcR,2.2115127346767738e-05
history_ShADTFadcR,2.1807617481225595e-05
history_ShADTaFdfR,2.1106737406784907e-05
history_ShADacgFf,1.9574015142510383e-05
history_ShADTFdcR,1.9469654191188338e-05
history_ShADTFcdR,1.9336757730888094e-05
history_ShADTagcdfR,1.7378842595821605e-05
history_ShADadfF,1.665952555668822e-05
history_ShADadR,1.513764972497018e-05
history_ShADTaFdR,1.3690637850321509e-05
history_ShADTFdR,1.3570889797607828e-05
history_ShADTaFdRf,1.3537297851486692e-05
history_ShADTacdgR,1.3521365305457059e-05
history_ShADadcgR,1.2882043798644309e-05
resp_fuids_FWc5xm3pZtnjyNQwr,1.1372328228494408e-05
resp_fuids_FVpot323jYW8ytz0Nl,1.1329892770224296e-05
history_ShADTFacdfR,1.0422294671728615e-05
resp_fuids_FbSasc3oQb4T6NjAf,1.0035231041620824e-05
history_ShADaFdcR,9.172595974088525e-06
history_ShADTFadR,9.019642616652451e-06
history_SAhDacgfR,8.96422126943268e-06
history_ShADTFacdR,8.846595368082977e-06
history_ShADTrF,8.744914029512578e-06
resp_fuids_FtTJny3KADrtuKlDTi,8.530264645642167e-06
history_ShADTFacRdf,8.432503326755391e-06
resp_fuids_FyanyD1Nw0Wl1WOU74,7.993192741208948e-06
resp_fuids_FselGTgbxdcW64CXe,7.569361356835612e-06
resp_fuids_FmOhN61UMShGD4LUT9,7.213055630679893e-06
history_ShADagcfR,7.2122188486373245e-06
history_ShADTadgcfR,7.0420688908477854e-06
history_ShAaGDdcgfR,7.00178142426515e-06
history_ShADTacgfR,6.936763749820811e-06
history_ShADacgR,6.551529463092776e-06
orig_fuids_FKJ0qk247fK5MqCzEb,6.323931306462929e-06
history_ShADaFdR,6.272505603455805e-06
resp_fuids_FKXkKf2aGEROcjdrse,6.094882010376585e-06
resp_fuids_FxLN902GsDqNCOLix6,5.932822197874954e-06
resp_fuids_FzQohR3dVDYR8M6VM7,5.93038719508239e-06
history_ShADaFdRf,5.914271267032397e-06
history_^hSADadcfR,5.6809584483354136e-06
resp_fuids_FxvjHb4R7lpN5rsEW7,5.580392318833452e-06
resp_fuids_F0izQH333jHoY2GOf6,5.402930514521727e-06
resp_fuids_FfZEokM1tFyrBSEgd,5.180020483543995e-06
history_ShADTacgdR,5.173851000707211e-06
orig_fuids_FWoSxS1LazhSpndsnh,5.038070719195225e-06
resp_fuids_FXBSK34JKiKFbwB4bb,5.0311044167775465e-06
resp_fuids_FDfPvE2mRUA5pmEhQ,5.004483639141561e-06
history_ShADaFdRc,4.932244560216042e-06
resp_fuids_FyZLya2esu9Vw6glY1,4.927981207165013e-06
orig_fuids_FMAjo1LFyhG6IV354,4.774438421748466e-06
resp_fuids_FWbr7D4xNqQjgdRQ4c,4.714775497418431e-06
history_ShADadfR,4.599405818409615e-06
resp_fuids_FZMd9u4fQ9363QIlC3,4.491999868703624e-06
resp_fuids_Fdkw9o4RV4LDxeCExh,4.412304531864899e-06
resp_fuids_F4w3vrJv8ZPTSubni,4.396855983069662e-06
history_ShADTFcdfR,4.378699692207095e-06
history_ShADTFadRc,4.356490987811496e-06
resp_fuids_FPmng17uudNVlW8I1,4.332471650916077e-06
history_ShADaFcRdf,4.015082430288833e-06
history_ShADTadgfR,3.979432766479583e-06
status_code_500,3.967833926723271e-06
history_ShADTaFcRdf,3.926428258545012e-06
resp_fuids_Fbp1Yr2pmqFWiDLYA2,3.91233299292195e-06
resp_fuids_FYaICM2cynzZAtshNh,3.819288702399115e-06
history_ShADTFaTdcR,3.734789588302808e-06
resp_fuids_FINzqe13zCMGeQoap7,3.6937326484609995e-06
resp_fuids_FLqhG871a7B6eAxDj,3.6599874823855514e-06
resp_fuids_FgZpfy5CyhdxfrOEh,3.618713283582784e-06
history_ShADTadgcR,3.608714703070119e-06
history_ShADTFcdRf,3.566262088908623e-06
orig_fuids_FitW024eUZVGAz2gu,3.515745084016011e-06
resp_fuids_FE7QlSKljCdJDVMg1,3.488399379579357e-06
history_ShADaFcdR,3.4302083259391137e-06
orig_fuids_FqwGIp16g53pK7C7Wk,3.4256065442609928e-06
resp_fuids_Fko7712lOzTRfFOftk,3.4185226744243278e-06
resp_fuids_Fvu8YS1CMgKSh64HDi,3.374242214477017e-06
history_ShADaFcfR,3.3660534743060235e-06
orig_fuids_Fykuu32b0VycIih5dc,3.3613194508081236e-06
resp_fuids_FgG2al3QThqMkQ1Si9,3.359268162279911e-06
resp_fuids_FoOtxcCEi45DUc3O2,3.3586156897337105e-06
orig_fuids_FDW7aeT2l3twRkah5,3.3412388152315417e-06
resp_fuids_FQoPtA3gv5wT6j2FJl,3.2974718190952566e-06
resp_fuids_FmxtUx4fDQKgocjpOj,3.2603724391620605e-06
resp_fuids_Fm4fWh3KrjUYgywCb3,3.163472886918591e-06
history_^hSADacfR,3.133812491305904e-06
resp_fuids_Fs3dvh3EoCt4sFmgSl,3.067546568192967e-06
orig_fuids_FE28fyJtmLclXJYac,2.991372592237549e-06
orig_fuids_FASmbh2nehi9YX7k95,2.9892650287384735e-06
history_ShADTagcfR,2.8856060752437194e-06
history_ShADTFaRcdf,2.8844605725178287e-06
resp_fuids_FVuXbZ2uRpZJBcUwh,2.7823872822046902e-06
resp_fuids_FgUzuk3giDDukH5dn9,2.659844206078633e-06
resp_fuids_FQ8crf4ofIiFf3fhgl,2.6545358679518308e-06
version_1,2.6066674190519892e-06
history_ShADaFdcRf,2.6051215240590314e-06
history_ShADaFRc,2.5562615846455365e-06
history_ShADTFaRc,2.4687956491737482e-06
orig_fuids_FAXBN3K8pIn2GKcce,2.440278633529345e-06
resp_fuids_FIaUCq2bY0nJpk90Oc,2.437076641940379e-06
history_SAhDagcfR,2.4331519365381594e-06
resp_fuids_FdTG8DIqkTop2Xmoi,2.429999966481447e-06
history_ShADaFcdfR,2.4198748697218335e-06
resp_fuids_FvRngNjaiM5GmPpej,2.383925964694816e-06
resp_fuids_FFoKBe21FfgU7M5Bfb,2.3385505016576252e-06
resp_fuids_FbyzT13Szl75cx4Eh1,2.328893138638818e-06
resp_fuids_Fu0vPVlaRJyUtkX19,2.2830895397468815e-06
resp_fuids_Fj6muC43HDRCb2NCfc,2.2657116038372845e-06
resp_fuids_FZMcTf3xHLMqJKCPXl,2.1828679101211055e-06
resp_fuids_F4t5Gp4O4X9lgVDsTl,2.1600925708590018e-06
orig_fuids_F5dQQO1KfIscv7jTpd,2.153908496273001e-06
resp_fuids_FhMFgX1da0FFpeRoW7,2.109311873598443e-06
resp_fuids_FtBk5h2QK0VXqidRrf,2.079319763513049e-06
resp_fuids_FVl8Ew2zyCEnO31buj,2.0501538556579386e-06
orig_fuids_FhAgdC15yvmuixMwpi,2.030173433127008e-06
orig_fuids_F4e4tY1e3olWkacwA,2.0123703294413552e-06
resp_fuids_Fuu16m22La1g05Q7M9,1.9668596221982138e-06
resp_fuids_FgVJkU3TwcPh9MSFz6,1.9444090533041108e-06
resp_fuids_FlbZjRjZmeK6PBmw3,1.9013741241199524e-06
orig_fuids_FuNSGp1Q2Hr3RQ4yqh,1.850504467739476e-06
resp_fuids_Fq6vJn4M9tloITMLia,1.7992932437063277e-06
resp_fuids_FGeKci2HbfJXV6Qnm1,1.7783395810320698e-06
resp_fuids_FZDB3e2e135SGrBUl1,1.7752518489216457e-06
resp_fuids_F2MmyA3UkLdwCjx3Q7,1.6596316263602729e-06
resp_fuids_F9Z7Zy4cfNz3rMp5Ul,1.6567845295320647e-06
resp_fuids_Fcjnbt3dfKuHT4G0f1,1.5860178798718744e-06
resp_fuids_F09cOj1d6YcxXA3S55,1.579061600878335e-06
history_ShADTFcRd,1.5666400309614088e-06
resp_fuids_FWa9C1BPA7N9eq931,1.5016872526204576e-06
resp_fuids_FRLzQn3A8ZVoR1Ir42,1.4963653829493613e-06
history_ShADTagcdR,1.491103956720995e-06
status_msg_Internal Server Error,1.4525096969130417e-06
resp_fuids_FlB4oo3t7Kq4GyPqo2,1.3545547781023097e-06
history_ShADTaFRcd,1.3545240108638099e-06
orig_fuids_FusUdO1UkQsHf2LNjd,1.3466177968966989e-06
resp_fuids_FQICLz1Z5uBB2Zteqb,1.2511446671821293e-06
history_ShADTaFdcRf,1.2454747889862625e-06
resp_fuids_FaA2n4SEYf53zebt8,1.245173436894019e-06
resp_fuids_FKr3471vTFNpuBC697,1.243019299736702e-06
resp_fuids_FmT8Fx1OMtd0bceT1f,1.2355906952815433e-06
resp_fuids_FF8IgO3R5Wh6EFMrs6,1.231146552413727e-06
history_ShADaFdfR,1.2185992878390079e-06
resp_fuids_FafAoo4q7e4lLnCDqe,1.2068475286189762e-06
resp_fuids_FTCXGx1JAe5TkWR9wg,1.202389212378057e-06
resp_fuids_Fc4tz04BId4JXdZS98,1.1979448502031253e-06
resp_fuids_FUQ7DI3cmbsIv2BDx,1.1918815837337514e-06
resp_fuids_F5bJPy26Gpj2iL6qKg,1.1809121687729632e-06
resp_fuids_FzEQJ7MFUov0stRA8,1.176536767315919e-06
resp_fuids_FeJsjn4hsWO9oYOWwa,1.1662087396839785e-06
resp_fuids_FkuWxk3gkn24F4SU58,1.165687600362919e-06
history_ShADTFacdRf,1.1610274723931864e-06
orig_fuids_FbYgkl4668u5UwqsU5,1.1335043895081105e-06
resp_fuids_FL4RO519X6JcSS1lOh,1.122416939158543e-06
orig_fuids_FjjC5FrdmVb4guKY2,1.0771842457928137e-06
resp_fuids_F6z6hL2rFgXFiaJOLg,1.0082033486917322e-06
resp_fuids_FH8rTH2QkYPXcURU5i,9.640081746526304e-07
resp_fuids_FWZP8i4kQ6Epdtt6D1,9.456180679835592e-07
resp_fuids_FblrJGQZcPc7xbH41,9.393393204880438e-07
resp_fuids_Fts4ma3PGF5NYsLy5,8.175790576714571e-07
resp_fuids_FkqPzc1MXHOLCKZfe8,7.718185673804031e-07
resp_fuids_F178Wz4MkldSvyFUDd,7.4650700000486e-07
resp_fuids_F60oJk18akamDMrt62,7.352284167417484e-07
history_ShADTFaRcd,7.024015355776348e-07
conn_state_OTH,6.914032482669828e-07
ip_proto,6.628536707729149e-07
proto_icmp,6.374147916750633e-07
id.resp_p_x,6.085410022851587e-07
proto_tcp,6.083976604237349e-07
history_ShADagcdfR,5.975279650255062e-07
resp_fuids_FqRTmw2hBJi12UHuyh,5.290670453505661e-07
history_ShADadgfF,4.3491780829639e-07
local_resp_T,3.594807695338743e-07
history_ShAaGDcfgF,3.399961593816227e-07
local_resp_F,3.318198631386611e-07
resp_fuids_F8NUBR4HCYg71sF,3.0731034469037706e-07
resp_fuids_Fw1Kse3SV5kYtl8ga5,3.0301035234732884e-07
resp_fuids_Fwcr6v2F1LRYJTVFll,2.885384233545445e-07
resp_fuids_F9E82M30y9wVQ6ZCJf,2.7730458725444197e-07
resp_fuids_FZeuCo24DwNUFcpqL5,2.7551706480924714e-07
resp_fuids_FFMq7Q1dmdYXWNDAg,2.671899354215685e-07
history_-,2.2126274096853484e-07
resp_fuids_FyYhCj2xLEwjj07ol,2.2070158749498522e-07
resp_fuids_FgZJdg39bJPKJa3wLh,2.2065144332712598e-07
resp_fuids_FVLlZg3scY72hxjts4,1.8899799983308867e-07
history_ShAaGDcgfF,1.881807641608799e-07
resp_fuids_FPOSUm4jrLpNDWuvnc,1.8332301135469642e-07
resp_fuids_FNbHAD4lAPAdUZsX38,1.8229202827723682e-07
history_ShADTFaTdRf,1.7562896252547432e-07
resp_fuids_F6jlIo3KBvsfFSDtl2,1.6876099638079914e-07
resp_fuids_Fc0Ggq3DdQyeSTkCEe,1.655619820777108e-07
resp_fuids_Fpee2K20ZqHPujvogj,1.6510525837769538e-07
resp_fuids_FosNvM3la6M24MT4D7,1.6494545676005303e-07
resp_fuids_F4mtvJ1Gp8X8XEQbP6,1.6429242914445223e-07
resp_fuids_F0HnRI3V8WsnmyC1Ef,1.6054794181137168e-07
resp_fuids_Fz5j15DrN0JHXHZt4,1.6026902873329428e-07
resp_fuids_FZ04SX3JDt0eQzirm9,1.3800389083642e-07
resp_fuids_FOQoeX2t2aC7rvrIe1,1.376307828988448e-07
resp_fuids_F9zohp4WLKtUx1kAS6,1.3724116973322376e-07
resp_fuids_FeMWmi2D5JEqptc6Sc,1.3717271749153498e-07
resp_fuids_Fbzyho3Ne5dbrcniYa,1.3668480312066094e-07
resp_fuids_FSsl5r4QUjheTphtxj,1.340860307388494e-07
resp_fuids_Fq2UAM1XemGCe5xB7f,1.2429848290871724e-07
resp_fuids_F5mUmilwDlmYzJayj,1.240642830889727e-07
resp_fuids_FNu7jW1j76iufeMnab,1.2209335212171454e-07
resp_fuids_Fu1Iix3MFnrOwd6u4a,1.1045465003210248e-07
resp_fuids_FwXcwY2wxW6mR8y2ui,1.1028968465235225e-07
resp_fuids_FCulYa385qaRjAmi8,1.1008090621981189e-07
resp_fuids_FB7HkeSxqtCuJMC74,1.0979553201134478e-07
resp_fuids_Fqu5Md1xIn3wkO6bql,1.0961211982269659e-07
resp_fuids_F5ibGw2ag8xjdo5dU,1.0946911128101201e-07
resp_fuids_Fjh9dD3OZzRSk4an9i,1.0233200501990162e-07
resp_fuids_FDD08v1h3rjXGx1Zq9,9.66563226188152e-08
resp_fuids_FIixge4WWZwpx1ntIg,9.335197073235935e-08
resp_fuids_FUUsXH3FbyrXUmX0ag,8.729142273401899e-08
resp_fuids_FgCaC4r6fZoQaTnE5,8.413244952699874e-08
resp_fuids_FUOKdM10JgdcYGina,8.319769375927239e-08
resp_fuids_FyVfOg1PsUxR3cqmAl,8.292834346989263e-08
resp_fuids_FwcjB21vpfdi4NJjhg,8.282873652169368e-08
resp_fuids_FxGvK33yh0nczzDwVf,8.27003878061345e-08
resp_fuids_Fyr5aMyOrLbVN9Sn6,8.253267594732944e-08
resp_fuids_FeW2no39y5BeXR5UHh,8.245657312984909e-08
resp_fuids_FtwGUI1SJeFcFQJhFb,8.15301668287541e-08
resp_fuids_Fuk25I11gbfarD0OCe,7.908623119254747e-08
resp_fuids_FKHHql1ttbEwOmLqG,7.668196205910746e-08
resp_fuids_F6z3oJ2g3b2ukBc7ag,7.596572733044399e-08
resp_fuids_FdOrnF2KvdtxdilqLe,7.172119658211861e-08
resp_fuids_FP7yFc19T3fAnuMmKf,6.762993415442306e-08
resp_fuids_F7HWMX209oCnJfOwhj,6.153211681659773e-08
history_ShaGADcgfF,5.5314450769105704e-08
resp_fuids_F2OQ4V1uDWiGmduUoh,5.525579489822804e-08
resp_fuids_F1rhfz4uK5ldIBPha,5.5243024082281894e-08
resp_fuids_Fl7FbU1TG72i46Kxw4,5.515519166769206e-08
resp_fuids_FDIfZs3xapvPvKXAxa,5.508298771018652e-08
resp_fuids_FsYlPR2390TRvuGUJg,5.503876895071298e-08
resp_fuids_Fg8rwr2p1M3AKNfki8,5.5021561205041335e-08
resp_fuids_F7b8Cl1U0hXmXQTcTa,5.486169571946645e-08
resp_fuids_FvTHZ2FVTJVt4Rnja,5.483437830312864e-08
resp_fuids_FabWTl4H0Sk729TYTj,5.3488886143274194e-08
resp_fuids_Fdwj7N2CPj05D1lWhi,5.117510449463067e-08
history_ShADTaFcR,4.9698667917034434e-08
resp_fuids_FZAePDv88d52QxGZ1,4.9313456382246e-08
resp_fuids_FkjeqQ346e8UPsYEKa,4.897593294144038e-08
resp_fuids_Fem7XHcQuxR48fHB8,4.833653128886555e-08
resp_fuids_FXe86fGFbbjJS5aW2,3.973131351691931e-08
resp_fuids_FT0zbZ1UjHj4R8rpy6,3.868706589420181e-08
resp_fuids_FvEGIc2covED94J8S2,3.7483586784817895e-08
resp_fuids_FNNNpX2d8F2UtcfTIf,3.367920486985626e-08
resp_fuids_FqofHk3JFTp47UEk4c,2.7659991963369198e-08
resp_fuids_Fy0iKW3WelTALkJte1,2.764105633060525e-08
resp_fuids_FAOaUM1VQzkWvmHx9,2.7465766634240927e-08
resp_fuids_FthqYR1kui9JnzrJol,2.6918661982571168e-08
resp_fuids_FGyebc44nelmyz4N9g,2.6614692232839753e-08
resp_fuids_FTjce41L0t4zlKWRgk,2.442656358790805e-08
resp_fuids_FF1MVJ2WeIFDmoMjS2,1.4673899769590936e-08
history_ShADgacfF,1.3749181344473752e-08
resp_fuids_Fhp0Fr2CKT1Fe9xoIg,1.2346885370875852e-08
resp_fuids_Fr1eLP1hCVINsvzxE3,1.119101870974277e-08
history_SAhDacfgF,1.0325597502856132e-08
history_SAhDacgfF,8.393389095832035e-09
resp_fuids_FstO9G40ZkuUDAIIn8,7.664732120864463e-09
resp_fuids_Fz7clr4wjeihC4U2M,6.6098579302943496e-09
resp_fuids_F10nUj3Zki3p4bKj58,6.5760235174973065e-09
resp_fuids_FZ6n1J1dETbw6KWXF1,6.032965850496361e-09
resp_fuids_FLhy0n13gACh3CNhqj,4.774601799480929e-09
resp_fuids_FIIc1r3e8YGFmHqKP1,4.5305660439690005e-09
resp_fuids_FJ914p4GQJytr0zMV2,4.517146571767982e-09
history_ShADacfgGF,4.262016421759772e-09
resp_fuids_FjOly6IuLpmocOxGa,4.211918853315649e-09
resp_fuids_FCYGDqp1SWE41HbV4,3.5227482014058364e-09
resp_fuids_FCqMGE2ZqH5oARnLLd,3.462017586194236e-09
resp_fuids_FrYlMH1nRqK3G9e3xh,3.1629535305451574e-09
resp_fuids_FMFaJb4X2dE1HBps8b,3.152126553326991e-09
resp_fuids_FggCMC3biNbu18SUYb,2.944913349896615e-09
history_ShAaGDgcfR,2.8379833041193416e-09
resp_fuids_Fj6zla1LFmcoxHCOud,2.5068361455906774e-09
history_^hSADacdfR,2.494332301125269e-09
orig_fuids_FYhbOx44PqtIy3WL4i,2.0829168871867936e-09
resp_fuids_FOgYAZ1s3NhwDdZ474,1.952448975185125e-09
history_ShADacgfGF,1.7801702197028995e-09
resp_fuids_F0YSjF2SwK9SzsFaj,1.4984466788405108e-09
orig_fuids_FnYCfP2UHfv4Skaix,1.3644495584444596e-09
resp_fuids_FubSTD1SYUzbKDVBFa,1.3601095575027643e-09
resp_fuids_FjKvQj1CRICsyimkme,1.1005739929483484e-09
resp_fuids_FkO1XOATtN8H5hV43,1.0071324133667024e-09
history_ShADaFcR,9.344590890800343e-10
history_ShADTFaTcdRf,8.238618296720027e-10
resp_fuids_FSI09YCDQNrdPcb6k,7.949079300816847e-10
resp_fuids_FmYmd63WZF7MR5o734,7.769633235875491e-10
history_ShADTaFRc,7.390859416152719e-10
history_ShADTaFRcdf,6.707000874900091e-10
resp_fuids_FbAeDm2systyyRqnBg,6.523744674032991e-10
resp_fuids_F3D2kM1pHvJF6EXm5f,5.210510777701733e-10
resp_fuids_FbpL5T27aZSEnvig6f,5.011740295083342e-10
resp_fuids_FWDJb4AsLAGrg6wg6,4.877169060792247e-10
resp_fuids_FtxSzx2wETO3gRzUsg,4.813815375455656e-10
resp_fuids_FCREq41tWm4WdtdfOl,4.3548521309646245e-10
resp_fuids_Fd4Fp53ts8AHg9kcb1,4.3543146197764037e-10
orig_fuids_FQtxDx4Ek2HDa4Yl4,3.736301429812817e-10
resp_fuids_FLfZm5alUbBpTpmsa,3.329351942810859e-10
history_ShADTFdfR,3.101943866914514e-10
resp_fuids_Fsryji3MHtXjxBDZDg,2.5272566612118106e-10
resp_fuids_Fs4Cmo48khYKisgCn5,2.2166410742656984e-10
resp_fuids_FflAhe3xOQ5V5L2Za,1.9263533330020226e-10
history_ShADagcfF,1.7140448724863398e-10
resp_fuids_FicUt4DmHBLHSxRxf,1.7033115083395744e-10
resp_fuids_F2a08I16Km6y0phWFb,1.5013886318540835e-10
history_ShADTFRcdf,1.3993620421491477e-10
history_ShADTFacRf,1.2667408948261937e-10
resp_fuids_FcRusB3vRsSWDAWLV6,1.062179927035067e-10
history_ShADaFcdRf,9.571911352186955e-11
history_ShADaFRcdf,7.612641061996216e-11
history_SAhDacgdfR,7.03277709048446e-11
orig_fuids_Fbwka62VGZ1zxzMTAk,6.138416056677123e-11
resp_fuids_FIMgs63vED9qO0wNK2,5.96146706586533e-11
resp_fuids_FR4lkc4QZDxGBTrm96,5.1628760920259875e-11
resp_fuids_FizYuEkQpPGe0S702,5.033362916311236e-11
history_ShADTFacRd,4.991914748871881e-11
resp_fuids_F4Gxxf3JxyFbgDQxll,3.5200486095290936e-11
orig_fuids_FEcflJjVt59cnmbAe,3.341474936799829e-11
orig_fuids_FKYdIl3SDC8rPDi9G6,3.2260553130032214e-11
resp_fuids_FLfTye2yzd2LIe8Wnl,3.0977273340769095e-11
resp_fuids_FH5WD92YA9MZaYlrLl,2.4197644199360872e-11
history_SADhacfgF,1.2850265093173413e-11
history_ShADTaFTcR,1.0730699215119796e-11
resp_fuids_FaDNEb4I73HwNQejQe,9.61011830246856e-12
resp_fuids_FKxR9x2sB8AFloJtph,6.940020011832384e-12
history_ShADTadR,6.216703563416768e-12
resp_fuids_FZzfWZ2BP0b5UY8UAd,4.930351313497207e-12
resp_fuids_FBu5Dz4s1W1OE9OD95,4.64299864280131e-12
history_ShADTaFcRd,4.221560399878097e-12
resp_fuids_FKH2xg1Luy7acSka68,4.179548496847328e-12
resp_fuids_FfRdJV1JEqqUzVocwb,3.926857385886503e-12
resp_fuids_Fc6bjq1OV30Oxij8b3,3.7799105364589925e-12
resp_fuids_FSfZXF4E518qO8A0Rh,3.6636283850707415e-12
resp_fuids_FMSUag2CKvyUnkqBy1,3.615243922615946e-12
resp_fuids_FtAKIc4jnqD7U3u2Ue,2.965120658737781e-12
resp_fuids_FIKPvX3yj5kakerw6,2.2333116305015912e-12
resp_fuids_FPtC4a1W9doig9g7wi,2.1179414432903978e-12
resp_fuids_FCF8FX1VGnzUnZYk36,1.6940973393374328e-12
resp_fuids_F3uRql3jTc5GDe45B,1.2267549195223003e-12
resp_fuids_FhHiovuKCuQ2umGVl,8.929569967295618e-13
resp_fuids_FN7Eip3uCre6650Sgj,8.807966244971113e-13
resp_fuids_F45ZSu2oPwbvAu4rM7,6.273620088912489e-13
history_ShAaGDcgdfR,5.111824487590252e-13
resp_fuids_FglmjO17N61piQ0Yqg,5.104208632814553e-13
history_ShADagFcf,4.623792318269441e-13
resp_fuids_FIBkGx3NUJ1jM998y9,1.9466408796439084e-13
history_ShADaFcRf,1.7334016321076934e-13
resp_fuids_FEsOhn4DBIWxdRQ4ph,1.2737307265623028e-13
history_ShADaFRcd,1.253923476641874e-13
resp_fuids_FVBluN2xOroZcVwryh,5.2052633173244005e-14
history_ShADTFaTcdfR,5.1971693177374406e-14
resp_fuids_FEIdue46KmTPz8i9E5,3.668039520844848e-14
resp_fuids_FvfeKaViR0yBPLaP,3.186576694761835e-14
orig_fuids_FyITg52gWnszi9cjid,2.4900843903482334e-14
resp_fuids_FnkwMb2MJmgsIAFGN4,1.6970454564730148e-14
resp_fuids_FHh4od2XMsFCQDzOsh,1.493051026175012e-14
history_ShADaFcRd,1.4655933059693872e-14
resp_fuids_FpuoSuA8NrTnNcVh9,1.270827901326396e-14
resp_fuids_F4TsUB1LvUHfIGpRre,9.815333874678745e-15
resp_fuids_FrNJ6c4yqVlHJNwKXa,4.3984759057966955e-15
resp_fuids_FIAa9E1K2WqihkGDn3,3.2490857063612332e-15
resp_fuids_FJah533kJ2jvpXKrOk,1.4352937851864652e-15
resp_fuids_FthHE94BO7gdi2w8Q1,3.5157620876629494e-16
resp_fuids_FketIt10OyHYNLfvtk,3.376928366559269e-16
resp_fuids_F71ez32WyaQ8Md1NYk,3.325832959098819e-16
orig_fuids_FrR22y4caQsKLY1LUj,3.043395347469127e-16
history_ShADagcR,2.9946291168592326e-16
history_SAhDTacdgfR,2.7714253145891107e-16
resp_fuids_FakSr52IpSOuYPic7l,2.7122039626309092e-16
orig_fuids_FhRqfm3EPFIsCsFdY,2.47835597512711e-16
orig_fuids_F3is1U1VpjltRSomZ8,2.2815083156076945e-16
resp_fuids_FcApw61I65emz5Qcv7,1.569115208132383e-16
orig_fuids_FxUOni28y0jXp1Vvzc,1.421801985149489e-16
orig_fuids_FlWiAE2DeDs3qbonn3,1.375686439361785e-16
resp_fuids_Fc3dJpE8dWXZHCsVl,1.3374985576043293e-16
orig_fuids_FIBVsWYSkF5BsHLbc,1.2801334986543268e-16
orig_fuids_FPDrKqyH34azNRL47,1.273772258509564e-16
resp_fuids_Fq44AiqIrITs3DXch,1.1185630167090303e-16
history_ShAaGDdcgFf,1.0544754454554664e-16
resp_fuids_FVLA5h3KdH6fDnkOW9,1.0436801323450873e-16
resp_fuids_FgwrlO23pU1pv0BDh7,9.644491838495689e-17
history_ShADacgdR,9.617157773891413e-17
history_SAhDTacgR,9.586864850800954e-17
resp_fuids_FBdpAtioRvtuJx3ji,9.180134394821338e-17
orig_fuids_FkHpor3R0YVmq1IGw9,8.018107250961254e-17
history_ShADTFRcf,8.017202918892143e-17
history_SAhDadcgfR,7.588500425968061e-17
resp_fuids_F0WJ6V2gWlAogYVeG,7.253457094220448e-17
resp_fuids_FenzoX2Xy5jdArnY8f,7.065437485502625e-17
resp_fuids_FDKg7W3iIBJGQxn0nf,6.654734678050322e-17
orig_fuids_F7BZ3ch3MNjgtjP1e,6.652156631459856e-17
resp_fuids_FVbLNvVUS00s9uv9d,6.476300976962254e-17
resp_fuids_FTvmYYI7wcaOB4wUg,6.32746274212008e-17
resp_fuids_FRkDuO2wRUXg2S6XFd,6.321750755420497e-17
resp_fuids_FYBoi2FAYXvTafJef,6.281030287955723e-17
resp_fuids_F6luBu4MfpIK348yhd,6.111063706708305e-17
orig_fuids_F07V5m10RpiM8cXWA3,5.994193563729354e-17
orig_fuids_FI46lA3NWYXNUpdY7,5.847174596354392e-17
orig_fuids_Fspy2vZpyabGSf9Bi,5.144033347433806e-17
resp_fuids_FiHr58nDcLKeCEVw3,5.0491802774618724e-17
orig_fuids_FJsXIy3qiEP6FWiUna,4.8664775912736166e-17
orig_fuids_FHQdrA36xr1DYhQJr,4.681440420491823e-17
resp_fuids_FS0YrE1YagCEzAMGL8,4.2762082584737113e-17
orig_fuids_FdMb6J3zOIOKcKUZ27,4.2107667563672134e-17
orig_fuids_FljUuhYfoSed6fax3,4.0071661115586225e-17
history_ShADacdgR,3.877310954747069e-17
orig_fuids_F2UdZx401D7hIb4H43,3.332652672339406e-17
resp_fuids_Fplodj3yrxGWdvuEN9,3.2942009857373135e-17
orig_fuids_FQz0bj1FhdwUgWpUB7,3.288866656552473e-17
orig_fuids_FRv0xI3Wd3hcTVRsL6,3.2381504884868804e-17
resp_fuids_FLBIxg1ADNRLhBRRP5,3.238150488485096e-17
resp_fuids_FDDpId1VAxxigtUpAg,3.077467680590309e-17
resp_fuids_FUSenj2iHKELDJhjdk,3.0417838252569394e-17
resp_fuids_Fd3add1zroQLyVtJI7,2.984328752348113e-17
orig_fuids_FCUo8a2J2b9ntd8y13,2.559752238735862e-17
resp_fuids_FcN4jXVfp9KDzktp7,2.359796693520718e-17
orig_fuids_FmdLso3mXx0aaJeCgc,2.0752385277852582e-17
orig_fuids_FwyiQr1KO2nMI4S3Ri,2.0344660139170496e-17
resp_fuids_FRamJy3PPN7Unguwwb,1.959125974136841e-17
resp_fuids_FdS5ni3ektKToeP2d1,1.9587231417736576e-17
resp_fuids_Fhc1J92DNsgfP60u3a,1.8295352086786053e-17
orig_fuids_FV85Ls4RR18489ouU3,1.7917145596049322e-17
resp_fuids_FMjqDP1R0xsFhO9ty4,1.7657236390624377e-17
resp_fuids_F0kU314j95ReoqMA17,1.742875898412349e-17
history_ShADTFaTcdR,1.709760479359474e-17
resp_fuids_F2al7ty7m0cBFZJhb,1.6738497610158612e-17
orig_fuids_FDEdLj3HW36GAAlp5i,1.6076892336336127e-17
resp_fuids_FsCluU14V49UZc5Mgg,1.595747028599561e-17
history_^hSADacfF,1.56781579791469e-17
orig_fuids_Fnpi713Z6qeWC9Zeud,1.5485136739029306e-17
orig_fuids_FZKlTi2vh7fe4b9Qkg,1.4702109636348622e-17
orig_fuids_FPmZ2e2aGD9ecasiob,1.3877787807840483e-17
resp_fuids_FC5TQw2InnkZe0flo,1.2506669696718602e-17
resp_fuids_Ffs01F1RK6HXJkxS8l,1.2302083912459372e-17
orig_fuids_FjpzDA1NCBcEDd8fFe,1.2201726478346408e-17
resp_fuids_FvjT8924jRlSf0ng2b,1.1923804071350595e-17
resp_fuids_Fe5Yvd44DLpz7AqRwl,1.1795782960578527e-17
resp_fuids_FxG7Qq4MISk81NZODh,1.1566581819445746e-17
resp_fuids_F5305e2Lje56W0Oo11,1.1290292346824748e-17
resp_fuids_FG1TYZ1yQ2e0Aohc32,1.0932245285732858e-17
orig_fuids_Ff0c4i2i5CTxh1vX3e,1.075460811372656e-17
resp_fuids_FIzn0WIKkxMqynbud,1.0512042384805937e-17
orig_fuids_FzRkRb1C1hbsg1B90i,1.0362081563141837e-17
orig_fuids_FYpA0f44JziYw78dpj,9.367081766547733e-18
history_ShADTFadRf,8.662161896871713e-18
orig_fuids_FjxkeB8bJxP1Tts1c,8.120302165157121e-18
resp_fuids_FJeezg4angGbI4Kol1,7.595679871184807e-18
orig_fuids_FLCeBU3qs4H9bF5oyc,7.57047561388484e-18
resp_fuids_FGP6dmVvQwZw7vq1e,7.207025778271921e-18
resp_fuids_FKdJ1f4HDZXMQf0pbl,5.921189464661886e-18
resp_fuids_Fx3wnQ1CRRv5G21fxk,5.907522377774834e-18
resp_fuids_FeLpZ81Cdrcp35XpP7,5.745495992207741e-18
resp_fuids_F7u6Tz29WnUnZffsW3,5.299237027292999e-18
resp_fuids_FnYLJIGV9Tp3hoqi1,5.284112675977207e-18
resp_fuids_Fs7mhZBXF3SHRVTp,5.0068602104866564e-18
orig_fuids_FbIMYh1T58tC9RRwuj,4.785334241784493e-18
orig_fuids_F96Awz2cvyYnc7nhdd,4.576370977889997e-18
resp_fuids_FBKBkn4oQBUeCg0pr7,4.56078898579671e-18
orig_fuids_FprhmDLvzQ4rP6YOg,4.44089209850016e-18
orig_fuids_F0sIk44Xgm1spdwc73,4.005600144240548e-18
orig_fuids_FanZKQXAhUjsgWgo1,3.858807017390068e-18
orig_fuids_F0hPKv0HBnGsMh5z3,3.507582661539467e-18
orig_fuids_FHsBg116L0eJLLcbrj,3.490084547091874e-18
resp_fuids_FF2LzE4n7SFEjL7B8g,2.9987662075111062e-18
orig_fuids_FFG1kC0ZLeCEk1bO4,2.9605947323311117e-18
orig_fuids_FlzzVf16GkEe1EVHvb,2.862651362424789e-18
orig_fuids_Fjow8G3AFWtGTUkjo5,2.6359305504172877e-18
resp_fuids_Fc9Gf6OB9V2vIS8Q,2.3702929335983844e-18
orig_fuids_FjKThZ3kxIuQA0MT13,2.3372298951794938e-18
resp_fuids_FzWclj2Pjb19XSzJhk,2.3351832021558016e-18
orig_fuids_FUMvwe2urbiUkXoVb4,2.2204460492468214e-18
resp_fuids_FB1YOH3R4GncoSagA2,2.2204460492461192e-18
resp_fuids_FzSE6K1eEyQIRyyIqi,2.204265668849579e-18
resp_fuids_FYDCLiiM8Zuyg5z46,2.1918174013965693e-18
orig_fuids_FYlIWPM10vyXlhIJl,1.8503717077111823e-18
resp_fuids_FfiCDs2X9LwvqqBRah,1.7378211964688474e-18
orig_fuids_FtBwXY2PlpidPR1Qf7,1.737807428825212e-18
resp_fuids_FdbMmr2TsX0TwJb1J2,1.6958611502310584e-18
orig_fuids_FLHyH84prpAim7T961,1.6653345369348574e-18
orig_fuids_FWq7r514JM9AbDs5d3,1.6341484969163106e-18
orig_fuids_FmeOnvySpFNhIlkDb,1.5731439024249652e-18
resp_fuids_FtcYxy1Nda0mgmB0O2,1.5586785355988235e-18
resp_fuids_FxWwU6390sf5UAh8Ki,1.4318019747314642e-18
resp_fuids_FJnTyH2DiHdTTpH0mk,1.334868313533859e-18
orig_fuids_FAMHkI2J9YOJlKNeVe,1.193374056590762e-18
resp_fuids_FiPY8b1HCoUd8qCzL6,1.1905681119353204e-18
orig_fuids_F8S9Zp38o2tAZbPMkf,1.1447671833267596e-18
resp_fuids_FiCA1B2g2P8jHtnu7l,1.1426691867174009e-18
resp_fuids_FxYfpI3Ru6gE6BxZ9g,1.1421003133748685e-18
orig_fuids_FaGyQV2kKDXKzl68id,1.1234025236392297e-18
orig_fuids_FgMZ5C4QqEBjZdkptc,1.1102230246250227e-18
orig_fuids_FVfoosaMEb2z82jq5,1.09854592161558e-18
resp_fuids_F33l964xcPM57TAVfk,1.0663663725898302e-18
resp_fuids_FiLmiI2Yn7FKRs6KJh,1.0336191039458441e-18
resp_fuids_FyVK8E45Vllara9o0k,9.25563943698852e-19
resp_fuids_FCh2Yd4nzDTO3WCuYj,8.705584830166415e-19
resp_fuids_FmyzSr475oxLzqXRKk,7.989600964780678e-19
resp_fuids_F37iD2NiMdcV5XpU,7.949045805548767e-19
resp_fuids_FJzCm533vKPbfMSnPk,7.757354069446207e-19
resp_fuids_Fzvje623XOylYf180j,7.725778779594994e-19
resp_fuids_FzpNciSPx68W2Jwqg,7.367982157924259e-19
resp_fuids_F3HlYR3rLICj6iWF9,7.243447966124192e-19
resp_fuids_FlsG7YUP5XqegjaK,6.060676944746613e-19
resp_fuids_FCHjmO600ldcZ4aHk,6.031952592315163e-19
resp_fuids_FQiYUd4VqHBChIxvs3,6.021829778694028e-19
resp_fuids_FOcADTMFo87XCZPj6,5.950380008101806e-19
resp_fuids_FQFY702PqRvQdVoEd1,5.910679132106918e-19
resp_fuids_FnE7g61mXlEusMugKg,5.78714245512517e-19
orig_fuids_FIQbKDPXrbiybFSmi,5.725250538881023e-19
resp_fuids_Fi7bP7YQ7HXnzJUL6,5.115489496875491e-19
orig_fuids_F6kU3O2C6KJqAd3a72,4.997365290734657e-19
resp_fuids_FsMSth2cdKULr9F6ua,4.642004587250252e-19
resp_fuids_FozmPB3lpM2XeohOge,4.385626078800203e-19
resp_fuids_F2Ulr72ospcYebv4O8,4.339087261042512e-19
resp_fuids_FFZmfb1DS1vnRP1BQi,4.286809101272858e-19
history_ShADTFaTcRd,4.231848957230212e-19
history_ShADTFRc,4.166542933236638e-19
resp_fuids_FnNCghOl3S30RpgWb,3.721398056139583e-19
resp_fuids_FI4QFgR5UDMzy4Rbf,3.3277243481179613e-19
resp_fuids_FZlNJv4eOj758aDZQ1,3.1935349270076767e-19
resp_fuids_FpLEn76niQvUC2B0a,3.15925469148509e-19
resp_fuids_F0T3cu2G02Ci1oXIch,2.9613546385824226e-19
resp_fuids_FJPMJy3VNq8OyGG8S,2.9419578949869375e-19
orig_fuids_FJrjbP3LKEJKkuKkS5,2.933552562037976e-19
resp_fuids_Fl3Wka2XBlfARLBWr3,2.9152464541564807e-19
orig_fuids_F2SbIk24ektqnZ8tS8,2.902883334039244e-19
resp_fuids_FU9Umj1DqMU9XdU2yl,2.889164686693474e-19
resp_fuids_FXKOSl2Mqeieb4QjGc,2.646230506715927e-19
history_SAhDTadfR,2.062494229841596e-19
orig_fuids_FDw99oa93VbITF7yb,1.8690925869907533e-19
history_ShADTFcRdf,1.73472347597521e-19
resp_fuids_F6TSQo1i6QybrnYg93,1.5162295567376672e-19
resp_fuids_F3DxjQ2ioqLOLWokTc,1.5023913567070253e-19
resp_fuids_FzKcpWYRn2ENPhk4f,1.4694764789855715e-19
resp_fuids_FDdDFuTIQcucfanM8,1.451271927612155e-19
resp_fuids_FPLkxn4m33EhCmuAWe,1.2954122390861043e-19
resp_fuids_F7i7kb2ZiceGDjyvk6,1.2224927686918887e-19
resp_fuids_FbIFO01wwH0bitdJb2,1.1677103009823914e-19
resp_fuids_Fjq2vx2EzoMDXcJmFg,1.0876230648384502e-19
resp_fuids_F1gt1jTW23SONd5jj,7.768786605726654e-20
resp_fuids_F88XWU14yqn4szmSy,7.631992687330507e-20
resp_fuids_FMAW7F1s9gie7NeHJf,7.587652277029747e-20
resp_fuids_Fgp5US3mNLs2gnXO6a,6.865336724723203e-20
resp_fuids_FmNASR2R49VlC6fHdf,6.805144985181224e-20
resp_fuids_FWXL5kwXXVuCITQtj,6.515594584661013e-20
resp_fuids_FPQgx3Wo7UxvYbIDi,3.6773297056864114e-20
resp_fuids_F0jjAi2T0NuRBhxIqh,3.327327216849972e-20
resp_fuids_F8pBOZ2O78gMQnR92k,3.2117314075527206e-20
resp_fuids_FgJ69Q1Pk49ZYTY73e,2.043652765913688e-20
resp_fuids_FQox2xAX2bNQhpra,1.7957509496588568e-20
history_ShADTFdcfR,1.742531991977544e-20
resp_fuids_FWpfMA4ICFouRj4lW6,8.704328215321504e-21
resp_fuids_F97TgA1J2fDbyAVJMa,5.845476624580484e-21
resp_fuids_FMGUjd1oY7T6FE80K6,1.0493601366958558e-21
resp_fuids_FeudCk3jAMfEKSHth1,8.846472029486776e-22
history_ShADTFdcRf,0.0
depth,0.0
history_ShADTFaTdRc,0.0
history_ShADTFadcRf,0.0
history_ShADTFadfR,0.0
resp_fuids_FyXSLd4rgkAGgxKLAc,0.0
resp_fuids_FyZEPN2kWdO4Ux80c5,0.0
resp_fuids_Fydj8K1JPq4qL7BCyd,0.0
resp_fuids_Fyr2Tk2c8eZP1zxWBk,0.0
resp_fuids_FzGx9n4hSFsW9yeCm6,0.0
resp_fuids_FzHxEy12T5tiO3r0nd,0.0
resp_fuids_FzJe4M2ojy1KrF7hkd,0.0
resp_fuids_F5lrui2iSrUNDuuQjd,0.0
resp_fuids_F5sVa12PBAj3I02Yj,0.0
resp_fuids_F5u3Cl2by2AZoyR9Gk,0.0
history_ShADTaGFcR,0.0
resp_fuids_F8A7mD3lVlU7OweXJ1,0.0
resp_fuids_F3IbXw3y63htokfrYf,0.0
resp_fuids_F6EnYVMw9eHt4uuia,0.0
resp_fuids_F6IbMq3cadKksrQxK8,0.0
resp_fuids_F6KWOm4gbs0Uq2XPk2,0.0
resp_fuids_F6Nvm425xbLHUMOid7,0.0
resp_fuids_F6OoVY1QHsivlTe9m5,0.0
resp_fuids_F6QL9x2NAG1nTcP9x3,0.0
resp_fuids_F6QW8j4J7IOZqCJcJb,0.0
resp_fuids_F6V4za1qpgvfkY46Dc,0.0
resp_fuids_F4pdSA2HTQ59I7Tr8k,0.0
resp_fuids_Fzvhbd2qJ1Eui7yYL2,0.0
resp_fuids_F4b4Y32XLCeUVth4Lj,0.0
resp_fuids_F9LThC4DOEEps0w6y7,0.0
resp_fuids_F9OnoP3qjvCWDr9Dn5,0.0
resp_fuids_F714zC4z59Vl3myM6b,0.0
resp_fuids_F79XKx19UNTilAM08g,0.0
resp_fuids_F7CqUu9ptXs0eu9bk,0.0
resp_fuids_F7KPxe2SXDCDyJ6zEb,0.0
resp_fuids_F7KdWb4Cyjecvf17m9,0.0
resp_fuids_F7NhAu228HvJVSmqic,0.0
resp_fuids_F7PkQ91c4NpSLnahU6,0.0
resp_fuids_F7UTb94FetuQNIzVtj,0.0
resp_fuids_F7bsv62KUCXQfkWNYd,0.0
resp_fuids_F7xCqE4ZOWMgJDFEod,0.0
resp_fuids_F83fB12lRNWXUJOsoh,0.0
resp_fuids_F85uWv2KDlkZGvA3R2,0.0
resp_fuids_F87Ume2Iz7TCdrE4Y1,0.0
resp_fuids_F1x8Yu154hCxHVwF2f,0.0
resp_fuids_F20v694HCDBRTNQUQj,0.0
resp_fuids_F8Cqgo2ln4Ls48gDYa,0.0
resp_fuids_F8VE0F11ovJhHOofV,0.0
resp_fuids_F8WmrNXeT66HCaXWl,0.0
resp_fuids_F8fZYP2yab7V9rReGj,0.0
resp_fuids_F8mzeL2BsGBtQ54vN,0.0
resp_fuids_F8orPI1ZpeEFmihnjk,0.0
resp_fuids_F8yYUx4rlxkahMErpa,0.0
resp_fuids_F97X6H247bi5AgPF41,0.0
resp_fuids_F9FoZc1xtdAu3BJLl,0.0
resp_fuids_F9GXuF3nC9r83Bf4N7,0.0
resp_fuids_F9Gu5ChylmLmG5QF4,0.0
resp_fuids_F9Jwjl2rAZcfRYfXN2,0.0
resp_fuids_FBLSGC47L2QEiYIbRg,0.0
resp_fuids_FBMtvY10XD6IefmYVb,0.0
resp_fuids_F9fSqX2OXPnGzfdRlh,0.0
resp_fuids_F9fZoT3VEfqdOWmyp9,0.0
resp_fuids_F9kZEo2V4wkLjggOvc,0.0
resp_fuids_F9lkyx1NP2ozVmRHQk,0.0
resp_fuids_F9uceJ3PXkpvkfkY2,0.0
resp_fuids_FA3htI2iXC9BEfo3m9,0.0
resp_fuids_FA4Gxj2aGISArKi9L9,0.0
resp_fuids_FABLhK2AbtSIKAy3O1,0.0
resp_fuids_F1EeEG4UozBAFuFbh1,0.0
resp_fuids_F1IhPzHycLNR0NeQe,0.0
resp_fuids_F1PaBX3I1dHDwnc8x5,0.0
resp_fuids_F1UtIE36l8BkKDIfLe,0.0
resp_fuids_F1mSIdalaxhCvq2m1,0.0
resp_fuids_F0TvYF2Wc0t07ZPzw7,0.0
resp_fuids_F0UHXj1AwMxg7lufd,0.0
resp_fuids_F285b31ZXmOvzKekgg,0.0
resp_fuids_F2BK7i2HHc1aZ5Rokb,0.0
resp_fuids_F2EpOs5zTjwYyQp04,0.0
resp_fuids_F2IBSqXpsJbszm7G4,0.0
resp_fuids_FABlUj2jIYEkO7SV1l,0.0
resp_fuids_FAFk0csmlMeH8KHy4,0.0
resp_fuids_FAJudC8Hur3SmMnwj,0.0
resp_fuids_FAZHYS2680jOWyrgwl,0.0
resp_fuids_FAblDa3kbB35g41EDj,0.0
resp_fuids_FAcXg70yYfJInHI84,0.0
resp_fuids_FAfG9A14WgBrUKBB4k,0.0
resp_fuids_FAqEG5k7qfROdavIi,0.0
resp_fuids_FAwGTMszW87sFGxs1,0.0
resp_fuids_FBCBUm31CBQV63ox7d,0.0
resp_fuids_FD1Wva4RupPGhd2RBl,0.0
resp_fuids_FDCstb38nB9THbBr21,0.0
resp_fuids_FDXUJA4yaLink7Hw1k,0.0
resp_fuids_FBRUPU27fsISqHjpd7,0.0
resp_fuids_FBT8yb3rmUzTMj3ZI7,0.0
resp_fuids_FBVbJhX2x2QwiHCl1,0.0
resp_fuids_FBkzFK141bzlxYVox5,0.0
resp_fuids_FBo8hX3PJ34HXwsDwi,0.0
resp_fuids_FBp1Wv1xKuUWaddcGj,0.0
resp_fuids_FBvzOE3ntwHFlVRIZ5,0.0
resp_fuids_FByBMsf1BU0UBAYUe,0.0
resp_fuids_FC3RjN1tHINBpMrZJ,0.0
resp_fuids_FCBfVO3NJ2q4lJjLT4,0.0
resp_fuids_FCEBAB1h9ZZpnrgsAd,0.0
resp_fuids_FCHfBoMDCxHITNx2g,0.0
resp_fuids_F0HKjU2eqrV0ge6yqi,0.0
orig_fuids_FzhS2O2rtRVZpL1X6a,0.0
orig_fuids_Fzhqfa1dE0T7fizbl,0.0
resp_fuids_F000oI2ulb29OdyG91,0.0
resp_fuids_F00rfY3jUioYJvNKA3,0.0
resp_fuids_F0B8pp4kRpupQlIsUa,0.0
resp_fuids_F0dn0QZzRyQj36hQ3,0.0
resp_fuids_F0dp37dFxsBRDRO7h,0.0
resp_fuids_F0ufTOJKbNb2Tog9l,0.0
resp_fuids_F0zXHRdtI8VprugPe,0.0
resp_fuids_F10dQA12XoN1Yk5KEe,0.0
resp_fuids_FCXWBF1thU89VFPiqk,0.0
resp_fuids_FCm6Mb1SIE0bjWxSAj,0.0
resp_fuids_FCslFh3hbohEiqWvd1,0.0
resp_fuids_FCzQ2y2igorfcjfzIk,0.0
resp_fuids_FD0xnr1SxAec8V01Sl,0.0
resp_fuids_FFDois1vzFafwUFzm6,0.0
resp_fuids_FFFfOa1D4W3rbZpRwa,0.0
resp_fuids_FFQzFA4Shvszr92h73,0.0
resp_fuids_FFSxef404Jhwq19Ds7,0.0
resp_fuids_FFUvB7a3kf9gMdp22,0.0
resp_fuids_FDcJBU3ZseymGbrCw6,0.0
resp_fuids_FDcjze4zQiV4wW4Jeg,0.0
resp_fuids_FDmmAXsuPRze1Pfhd,0.0
resp_fuids_FE49Tk23J0GUAEAMp2,0.0
resp_fuids_FECPGR2kwsM6pKme,0.0
resp_fuids_FEEdh41rnJgtSl9dK7,0.0
resp_fuids_FEFxgG2opWFvMEtpWk,0.0
resp_fuids_FEH0nm867i1RBGwMg,0.0
resp_fuids_FEPzQI2iYu1JVeaGzb,0.0
orig_fuids_Fzg9Rb2pkMYhEmfwl2,0.0
orig_fuids_FwEXBbB6VyA2XMTIl,0.0
orig_fuids_FwJ6cK1adS8DnKC1ra,0.0
orig_fuids_Fwf8Jg2Tg4XPaxYnW1,0.0
orig_fuids_FxKCsr3htyidC7kuAf,0.0
orig_fuids_FxzYC41H1oYndqBbAk,0.0
orig_fuids_FyZk4z2JxKTdATYM59,0.0
resp_fuids_F0Gixv1Ot6RS7eGtcl,0.0
resp_fuids_FEbJcb1Sm6AHpHobPb,0.0
resp_fuids_FEcfiwlYFLhrTilXk,0.0
resp_fuids_FEisZB2IBjAmW6X0Ue,0.0
resp_fuids_FEkaOI214dLwHARsd6,0.0
resp_fuids_FEyT1o4xJJQR05swfi,0.0
resp_fuids_FEzJx44GtUVETJe571,0.0
resp_fuids_FF0FApZWpovMwWcgh,0.0
resp_fuids_FF1jnB4TiNsDqueVZ8,0.0
resp_fuids_FF4iCsckhoMxGAmfd,0.0
resp_fuids_FH8TW4oAzUTgakBjl,0.0
resp_fuids_FHAgtXq7SbBKehX47,0.0
resp_fuids_FHNZ2S3FSIznlLNLr6,0.0
resp_fuids_FHeEvBZIwiVKslL9g,0.0
resp_fuids_FHnnuO9hX4I501BVg,0.0
resp_fuids_FHrGL84Tvww7CBk3S8,0.0
resp_fuids_FFaNPp4BJwnZbeE7Tl,0.0
resp_fuids_FFkB8625M2VDWm7Gtj,0.0
resp_fuids_FFlucI1i2cndY97JC2,0.0
resp_fuids_FFymj7CpJ2TNHmdRd,0.0
resp_fuids_FG1Ttg293PyiJrkkQ6,0.0
resp_fuids_FG5MG72JxhEwdBi7M,0.0
resp_fuids_FGDJRC6fQKcKdxrze,0.0
resp_fuids_FGFVFc2Pfnh7J1EwIc,0.0
resp_fuids_FGIKqN3eJl1z8Wziaa,0.0
resp_fuids_FGKd5a47Vx3LrRSP3h,0.0
orig_fuids_Ft0VK63MjCA8EodyU8,0.0
orig_fuids_FtOgDL38G8fwvuhjfg,0.0
orig_fuids_FtR0i92x9A5NMOJ4kg,0.0
orig_fuids_FtUj9o4i0aQZ1sAeHb,0.0
orig_fuids_FtlzPd2tOE26Qzz89,0.0
orig_fuids_FtuVjY3aB2UU7pkgB5,0.0
orig_fuids_FyafzM32c5v09pdFl2,0.0
orig_fuids_FygJtI22TgXAr1Dce2,0.0
orig_fuids_Fyn6bh2QCSiimQrAj6,0.0
orig_fuids_FyxBGOPC7ytmX1xpi,0.0
orig_fuids_Fz33W2220rlROKa8ol,0.0
orig_fuids_FzGk9T3FCjsarVCjEj,0.0
resp_fuids_FGY9zQ2zogl2OcLvii,0.0
resp_fuids_FGaSx4K9zCWMN5A41,0.0
resp_fuids_FGhwiV1VojFwIYKyG7,0.0
resp_fuids_FGmrzs319KqGwuPq6,0.0
resp_fuids_FJTzhGDLAKhx6MB8l,0.0
resp_fuids_FJUfEW2aM6yndHGwe9,0.0
resp_fuids_FJcvMk3q0lDAuIGa9j,0.0
resp_fuids_FJfhKt2senMAZeGrL1,0.0
resp_fuids_FJgeDo38k5GIUSvjz9,0.0
resp_fuids_FJjLKI1yKYmwQDTzP6,0.0
resp_fuids_FJnePD1U2V6zFrYYig,0.0
resp_fuids_FIOeYA3yTQXrtbY8b7,0.0
resp_fuids_FIOqTk2JEDUMUxNrff,0.0
resp_fuids_FIPKd7IVs9SME63Kh,0.0
resp_fuids_FIX6J23i5W1HWE7Yd7,0.0
resp_fuids_FIc19y1p2YGG9sdAR3,0.0
resp_fuids_FIcwWv1IjnlNzSId5c,0.0
resp_fuids_FIzWhO2WFemCQMUzD8,0.0
orig_fuids_Fsq4c41NexIDbHEsmg,0.0
orig_fuids_FsrtQNOib2gwAQCF9,0.0
resp_fuids_FKyWSd2MZ8kTY50LJe,0.0
resp_fuids_FKz8Vg31lkjdIE9uGl,0.0
resp_fuids_FKzskvsohDwcZWmEg,0.0
resp_fuids_FL2qm21Fd3CaR2R8pe,0.0
resp_fuids_FL5fOU3EVzDKRrCX4f,0.0
resp_fuids_FL5tGL3iowq8Aisc3f,0.0
resp_fuids_FL9lRQ2NfgCjbacCr5,0.0
resp_fuids_FLHN5J1QIdFtQ6RZP4,0.0
orig_fuids_FuEp3q4Srg7hRPOyac,0.0
orig_fuids_FuyZTs4biAw3PnOIe4,0.0
orig_fuids_FvoCvSeMNfXm966Hl,0.0
orig_fuids_FvqFLD1L5O2grhGF8i,0.0
orig_fuids_Fvza7E4unEQnctzGlf,0.0
resp_fuids_FJ7vAA1F0m9yNnPYq3,0.0
resp_fuids_FJAEvC3mya1XiiIbA1,0.0
resp_fuids_FJDNTv1U2SmwqN8rZ8,0.0
resp_fuids_FLdcq135WAxAT4Jse3,0.0
orig_fuids_FprJin1l6wZ9n3FOPe,0.0
orig_fuids_Fq9ArAAqAWPgacT42,0.0
orig_fuids_FqHdcO34plehCT5Wh3,0.0
orig_fuids_FqIxu1CSnS04Ckcxf,0.0
orig_fuids_Fqbobw3TB6blZglVbj,0.0
orig_fuids_FquZLZ3DzTHrDRYOD3,0.0
orig_fuids_FrJMFJ35D0QH8X81Ne,0.0
orig_fuids_FrKwEk4uqXY27bw09j,0.0
resp_fuids_FJuDe92Clt2wUSi3Og,0.0
resp_fuids_FJuvdw1y64UaSHX6u4,0.0
resp_fuids_FJvM2F3w9xqAHaR90d,0.0
resp_fuids_FJyWGf1BMQdak69RY8,0.0
resp_fuids_FKF4AF3O1bjyQcHigh,0.0
resp_fuids_FKFEE1BxhWDLWrBxc,0.0
resp_fuids_FKLiEjDlbvqZLZ05f,0.0
resp_fuids_FM1yf93zyMSmCXYXld,0.0
resp_fuids_FM5QME44MI3YHe56o9,0.0
resp_fuids_FMBUEB4gyOX7xrl1Kd,0.0
resp_fuids_FMJcje1WXOhqPer68i,0.0
resp_fuids_FMLWsK1EcXRhY06Qe2,0.0
resp_fuids_FMOYuV33azjDgkZNO2,0.0
resp_fuids_FMPoK23DiQg3vAS8H6,0.0
resp_fuids_FLI1Yi1WWyywP9Ix06,0.0
resp_fuids_FLQkv51K7dEApEy0I,0.0
resp_fuids_FLTlMd2i1M2xqzE8kl,0.0
resp_fuids_FLW1ch3z5cZt90U2h4,0.0
resp_fuids_FLX0qh1Rrzpt91MtJ7,0.0
resp_fuids_FLb1562Q0TbLIPpiH5,0.0
resp_fuids_FLcP0zPGVOkDqcWr,0.0
resp_fuids_FNKaN54TLsMihhl5Cf,0.0
resp_fuids_FNLuiX37hTpSrd4ali,0.0
resp_fuids_FNdjDC3vzZG6065CK2,0.0
resp_fuids_FNnjpQ171Ytv8uzfZ3,0.0
resp_fuids_FNuie7nozKLHivjW7,0.0
resp_fuids_FO0Eqv4uDesMR19Rdc,0.0
resp_fuids_FOCLz91eZYY04pgdL4,0.0
resp_fuids_FOHbu81KtoTGcSsbL4,0.0
resp_fuids_FOTPRr4QpN1CeYc2A9,0.0
orig_fuids_FrTEIu1TLlnhzJt6Gh,0.0
orig_fuids_FrbUlZ1IZr7mntgXP1,0.0
orig_fuids_Fs2CEe2dkEmdZidi6g,0.0
orig_fuids_FsMfGZ3L7P6zdK2667,0.0
resp_fuids_FLlGci36TYyXeCnwo1,0.0
resp_fuids_FLsGEMljcdvAxJQIi,0.0
resp_fuids_FLt6yj2L6pjno42qvf,0.0
orig_fuids_FmZKfp2toqurtLjAMf,0.0
orig_fuids_Fmdokn4YA13sApIoU1,0.0
orig_fuids_Fn8U9M2kmCZUt7Bun1,0.0
orig_fuids_FnOu9X3zzGhOKuk0Vd,0.0
orig_fuids_Fo02Kw2vip3WessyAd,0.0
orig_fuids_FoCfD62smNi8EOhI82,0.0
orig_fuids_FoE09D21x4VERvVcU4,0.0
orig_fuids_FoPvJU3NxWRE7wFRkd,0.0
orig_fuids_Fp6Ib72294Ld7JVotk,0.0
resp_fuids_FMS7oH3m3eiidV2KXg,0.0
resp_fuids_FMVNIg3LcH9CL8c7s8,0.0
resp_fuids_FMhHI34QzPgboiZWi,0.0
resp_fuids_FMjB8s2iFtw7lbP377,0.0
resp_fuids_FMoL613QCFYqe5ozef,0.0
resp_fuids_FMz8Y328gcx9CUuSB6,0.0
resp_fuids_FN8WiUpJheezNcgz,0.0
resp_fuids_FPcGjg1HM4GI11pheh,0.0
resp_fuids_FPiJdK1XEsn5fWFy28,0.0
resp_fuids_FPuU1t4dZWCLbJA0Ue,0.0
resp_fuids_FQ3hfT1ZA90A58MXN4,0.0
resp_fuids_FQDRV1144ONrvJhuY4,0.0
resp_fuids_FQcuU51zhkmAQfLFMf,0.0
resp_fuids_FQhfeK2FWModay7AOc,0.0
orig_fuids_Fj2GST2MEx9eZFaTVd,0.0
orig_fuids_FjLFR54fC7YWsfBAZh,0.0
orig_fuids_FjV38EN99HoZ2o1fe,0.0
resp_fuids_FOk5o31DXZCMj9grEk,0.0
resp_fuids_FOlQoe3miNRkq6aSh3,0.0
resp_fuids_FOwTQO3uW0RVKFj5qe,0.0
resp_fuids_FPIAoF3YeOsnfrFvQ4,0.0
resp_fuids_FPLTvM3SgONtDSGpfk,0.0
orig_fuids_FmLUED42Ps4edJOD42,0.0
resp_fuids_FQlAgX3uZdjNh6UdMj,0.0
resp_fuids_FQmwKj1iHu1WR4QXIl,0.0
resp_fuids_FQzU73mRDy63bUMHb,0.0
resp_fuids_FR1lH21FH9UtNQ8ok8,0.0
resp_fuids_FR8yQV3Jcuc9I4ukW8,0.0
resp_fuids_FRFBjKTMC5n6HrLQh,0.0
resp_fuids_FRKsXK1shZy55i7Jdj,0.0
resp_fuids_FRMwg9s8keMXJTOug,0.0
resp_fuids_FRQ15W7vvAoEiJJg5,0.0
resp_fuids_FRVjBq4dz32J4CdW0f,0.0
orig_fuids_FpAnqC4p7Bq8OwMpM5,0.0
orig_fuids_FpF45I1d6FAkUVVbyc,0.0
resp_fuids_FPWYec2L8lHj4DEip3,0.0
resp_fuids_FSAgWK3jq7pbmGYPV5,0.0
resp_fuids_FSE2G948ZCYbFl1IOi,0.0
resp_fuids_FSIV6P1B1xvQvMNdjh,0.0
resp_fuids_FSRyC425ngRJRUDIY5,0.0
resp_fuids_FSWtmL1bVj9A4H7kSd,0.0
resp_fuids_FSaGFtUdCZForfRXh,0.0
resp_fuids_FSjdPM2jq9MlSmFFt9,0.0
resp_fuids_FSrAym2kC3YFviqWLk,0.0
resp_fuids_FSt0h6YTkEXUgH4nk,0.0
resp_fuids_FStKFg49n46Hem1Z23,0.0
resp_fuids_FT2GdU3tjkBfDlc5Dh,0.0
resp_fuids_FT3AcN3prBMTkXu0o1,0.0
orig_fuids_FkMtrB3WkRjpOXHJxj,0.0
orig_fuids_Fl4KSR1QKTQqTV8HLg,0.0
orig_fuids_FlJYZ63Y0uV6OWmTlj,0.0
orig_fuids_FmDWuB412uvxAB16t,0.0
resp_fuids_FTNV9y2F2OCTna2Ls4,0.0
resp_fuids_FTTvWJ3cBzRhcWWrw9,0.0
resp_fuids_FTTy7L1LRqp9D2pl2c,0.0
resp_fuids_FTZBMI7AeWKNpWyLh,0.0
orig_fuids_FgCr2O2NiDEHVKva7c,0.0
orig_fuids_FgQL2e2ss77uLb13O7,0.0
orig_fuids_FgeXB8SQnTsVlA9qi,0.0
orig_fuids_Fgx1gafPgndaL9t72,0.0
orig_fuids_FhXetAL5Bjh5VG72h,0.0
orig_fuids_FhZvbC4pGY0dHs1d47,0.0
orig_fuids_Fhy4av4Fq1xwmgmRJf,0.0
orig_fuids_Fi5tuY1nVMwJ5UgOci,0.0
resp_fuids_FRjTrq49Pe6lqNy93,0.0
resp_fuids_FRrf2c2eXkDcm26T49,0.0
resp_fuids_FS0omT5lt4BytzM8a,0.0
resp_fuids_FS2lSv1vL1Hh9qRdpk,0.0
orig_fuids_FipAAi3chRcrYLVDa6,0.0
resp_fuids_FTlngYqlmJh72dvS5,0.0
resp_fuids_FTm5ZY3QV0nDEW235d,0.0
resp_fuids_FTuzOB3hVrWoXcVHhg,0.0
resp_fuids_FTyB5Q1IlGipNuxjic,0.0
resp_fuids_FTzoDm2P8MVEfoxsN6,0.0
resp_fuids_FU9D3B7bOAKFzfjvg,0.0
resp_fuids_FUBNYY3X20NTlCvCRh,0.0
resp_fuids_FUXwfG15jIyNoShgmk,0.0
resp_fuids_FUZ8914N6WF5xaDuX5,0.0
resp_fuids_FUnbhu3DJIad57ZlRj,0.0
resp_fuids_FUxbYT3gQ0XGDVtVfc,0.0
resp_fuids_FT84CA2PnP9NmOufQf,0.0
resp_fuids_FTAHif2dj7JmFR4vub,0.0
resp_fuids_FTBHWx2Hpkc9SOvtBc,0.0
resp_fuids_FTGTz61fqkMDJfYUrg,0.0
resp_fuids_FVN8VJ24epMZ5hntV5,0.0
resp_fuids_FVTNtr1dRinftNVVl9,0.0
resp_fuids_FVqy1S2bucnegUqYY6,0.0
resp_fuids_FW6REpH9KDMjOg1sl,0.0
resp_fuids_FW84b54NfXqFfxZHy7,0.0
resp_fuids_FWI8mvsC9XgORytG9,0.0
resp_fuids_FWIFVxqjDNCMh12Kf,0.0
resp_fuids_FWKL0w3jylGZSN1kS1,0.0
resp_fuids_FWN5uI1HZiF6n5OCZ,0.0
resp_fuids_FWSnNC2p3OORRNvd78,0.0
resp_fuids_FWSwTh1TctLj97tj0i,0.0
resp_fuids_FWgkp64938nDmaAaNe,0.0
orig_fuids_FiF6ed9gMXpS3Sv9j,0.0
orig_fuids_FiPWYjywNKjAFrTu,0.0
orig_fuids_FiliNY3NcuLgAwnIh3,0.0
orig_fuids_FeNGYqkmAXJLprt5g,0.0
orig_fuids_FeTVXT1KmxAzSkU9k,0.0
orig_fuids_FeqmJU1uJry5hfPM3g,0.0
orig_fuids_Fer2s34hnXPKmb8Jn5,0.0
orig_fuids_FesfVF2yFHbFcglkz9,0.0
orig_fuids_Ff2Rgg2K70HYerLf2i,0.0
orig_fuids_Ff3QEO3RGbXfDsc3j4,0.0
orig_fuids_FfAi3A2MiROA8q1V8l,0.0
orig_fuids_FfMQAo17K4BEWmhzO6,0.0
orig_fuids_FfMUIC10JbCYndWAkg,0.0
orig_fuids_FfRh6E3PAyLrxHidDl,0.0
orig_fuids_FfZd0s1S0XOxedcFpl,0.0
orig_fuids_Ffwy8A3DtHbzXjPaEc,0.0
resp_fuids_FV2WXZp6NDV5FKEdi,0.0
resp_fuids_FVAzLg2rI6T14Pe3Yf,0.0
resp_fuids_FVFh802aEHF0oxxH7d,0.0
resp_fuids_FWsMv74WINqb4GVjJc,0.0
resp_fuids_FX2dVy1COPjk4CDWZc,0.0
resp_fuids_FX8xuepfIxvM4dqj5,0.0
resp_fuids_FXEsON1z0blrWwBKkl,0.0
resp_fuids_FXOnka4ej0foGVt2Gd,0.0
resp_fuids_FXaS362Ff9AjDKBA9c,0.0
resp_fuids_FXbYV04oBETgVEF1tc,0.0
resp_fuids_FXg16g1BX99bOoMB5c,0.0
resp_fuids_FXpmza2erjWpWBst9f,0.0
resp_fuids_FXs2OP1WpFsrKPGPcj,0.0
resp_fuids_FXxC3C1ixhJcRmaf01,0.0
resp_fuids_FY3qm42vX8kM9gGZel,0.0
resp_fuids_FYBuV14wR3c1ch4lF4,0.0
resp_fuids_FWlS4d4VUrIStsXGD7,0.0
resp_fuids_FWqiUB2hCtpOZMgXGh,0.0
resp_fuids_FYKcBl2IvytkknrSlc,0.0
resp_fuids_FYLBHi1yYArxCryEr1,0.0
resp_fuids_FYVn2033mCNHueXW55,0.0
resp_fuids_FYb2Hf1WJW70AwP1t1,0.0
resp_fuids_FYeB0N1poYeLcr7uN1,0.0
resp_fuids_FYergP1bmTej13pt,0.0
resp_fuids_FZ15jB3QKhMattOfyi,0.0
resp_fuids_FZ2gc93fxTb0s3VJG8,0.0
orig_fuids_FbNrZyMEum75lKys9,0.0
orig_fuids_FbUTU22Fly5uEoQidd,0.0
orig_fuids_FbsOkA497IDoIiF0vj,0.0
orig_fuids_FcB06z4RWMh0KGAbd6,0.0
orig_fuids_FcK1Of2AwBLc0tcqwh,0.0
orig_fuids_Fd6zvK1khCs8sGagWb,0.0
orig_fuids_Fg09AL1i94XI23tJg9,0.0
orig_fuids_FgBORn2PLo76T1Tr3k,0.0
resp_fuids_F5wCSh3APjnp20HEdf,0.0
resp_fuids_F5wqi52Z0hEyinYHh4,0.0
resp_fuids_F61lCj2kNv2jTw7Aq5,0.0
resp_fuids_F61zfZ2eapNLVF5dz9,0.0
resp_fuids_F664Wx3Na9PUvYcHbi,0.0
resp_fuids_F67mzh2Q72YC2Lxzfi,0.0
resp_fuids_F2P8Ut3Z7FL9lmUwB6,0.0
resp_fuids_F2X6Me19uTdDKjsemc,0.0
resp_fuids_F2e9bf4JlPOBmkIOD9,0.0
resp_fuids_F2gD834hqe6is4WHbi,0.0
resp_fuids_F2rpwZ2U1BSnNEfwrl,0.0
resp_fuids_FZuqgI1n19pBf6pjJc,0.0
resp_fuids_FZw0zv1ubyYpVifCPe,0.0
resp_fuids_Fa5jkb1S6QWZ46Hrog,0.0
resp_fuids_FYEOJSaBtMzgaIL7f,0.0
resp_fuids_FYFBnFqvvn0ur26Ie,0.0
orig_fuids_Fd8gc51PB8hfvhSNg7,0.0
orig_fuids_FdD2K22Il11tpLeUD,0.0
orig_fuids_FdKBqh175LItaXkAll,0.0
orig_fuids_Fdehki4jLgmfEwzdAk,0.0
orig_fuids_FdlyLz1UginOn9XvP1,0.0
orig_fuids_FeK8xQ13bapaHuN4D2,0.0
resp_fuids_FZQjmYg8W61wYezn4,0.0
resp_fuids_FZUmEkce7fI9HdBE5,0.0
resp_fuids_FZUnHt3yygUNEx6spi,0.0
resp_fuids_FZb6781twcDjxmn0pl,0.0
resp_fuids_FZdl9F4ukDmtS7bnG5,0.0
resp_fuids_FZe0yS3GTU2GBJTjf3,0.0
resp_fuids_F6fYTj72bIbp0JCGi,0.0
resp_fuids_F6g6QY258rbljAMhh,0.0
resp_fuids_F6nHh2I0cwDxdJsLd,0.0
resp_fuids_F5w3wH2gCUZ6RjE1R9,0.0
resp_fuids_FaR5IHMO8xaUFH846,0.0
resp_fuids_FaXFQU2LEvRzM7gaMc,0.0
resp_fuids_Faqg6N2BkeH4m58eN4,0.0
resp_fuids_Far22ybhsjR7bu5Ue,0.0
resp_fuids_Fat6GXEVuWGi4Jzmf,0.0
resp_fuids_Fb6jYh2aF21l71rAgc,0.0
resp_fuids_FbBvymHfZsEi2N2K9,0.0
resp_fuids_FbCcVA2UkCw6kS9S1d,0.0
resp_fuids_FbFLWt2mvfE5Ihm9na,0.0
resp_fuids_F3Qlm02g4hboJjdZge,0.0
orig_fuids_FYDOQt3XSxQiDG8FJb,0.0
orig_fuids_FYFXV8yEZAUZwj2Hj,0.0
orig_fuids_FYQZQl3k5DTPafwEn,0.0
orig_fuids_FYmpJK2j3rJAEFo8cb,0.0
orig_fuids_FYvOKsHVSctFaxtKc,0.0
orig_fuids_FZ3KaQ3ZbS45FM04jd,0.0
orig_fuids_FZXm7h3oiAEnQLg7Y2,0.0
orig_fuids_FabyEeiHFxkjzYCC,0.0
orig_fuids_FantCH1BNnkjWoi6q5,0.0
orig_fuids_Faxa3fAndhDmSuNN1,0.0
resp_fuids_FbUmcv2RYDxYjHseci,0.0
resp_fuids_FbXfJG2comUb1HTE2b,0.0
resp_fuids_FbXvxi2n0UxIAllDSh,0.0
resp_fuids_Fbq4PH1P1Ph61lYsB,0.0
resp_fuids_Fbs8C21pCWVcOLzy2l,0.0
resp_fuids_Fc1BPO3JXkPCORWhEk,0.0
resp_fuids_Fc23EhUeKE64tsQY2,0.0
resp_fuids_Fc3BaKwAnRQbueXH3,0.0
orig_fuids_FUSiLR1wb30Fs2ierh,0.0
orig_fuids_FUWwh44c1IzaktyDRl,0.0
orig_fuids_FVdAcEBF0dIMCYaA,0.0
orig_fuids_FVtxCV2EutSAoECvZ8,0.0
orig_fuids_FWFqBr8g7V8rcfeT9,0.0
orig_fuids_FWjO5O1gUZtjEJPj3g,0.0
orig_fuids_FXQ0eZ1vlt6MdHcJnh,0.0
orig_fuids_FXks7S3J0NYPq4uU7a,0.0
orig_fuids_FXwZo1JXHKhE5xFf1,0.0
orig_fuids_FYBpNOF8mQCsD9FNj,0.0
orig_fuids_FYCAns1P1REk6lYtd3,0.0
resp_fuids_FcAYFz85MgDUbPCLi,0.0
resp_fuids_FcJsBa27Y7vrfHsuu9,0.0
resp_fuids_FcLzjw2VNgiBh6ccpd,0.0
resp_fuids_FcaVcS225rdvo2S7Ul,0.0
resp_fuids_Fd3pUF5N9xoFROPlf,0.0
resp_fuids_FdDAKB2eC4Fn0XmqUf,0.0
resp_fuids_FdGyDL154GT8ra8yc,0.0
resp_fuids_FdIDJ24fl9rLoPp0hk,0.0
resp_fuids_FdIDqa2UiJhgRWPqG9,0.0
resp_fuids_FdNsvK2eJe9rxJoasa,0.0
resp_fuids_FdPoWffP6tKRRErQi,0.0
resp_fuids_FdXjpw1jaZGN6gLie,0.0
resp_fuids_Fdaj3e4QF6klwhMWN,0.0
resp_fuids_FdefvM203rhBbjQut1,0.0
resp_fuids_Fdif2Z0ObkaMhHZRa,0.0
resp_fuids_FdjcEZ2spmH1Sezo6i,0.0
resp_fuids_FdlQnB1M0EcocBVeJe,0.0
resp_fuids_Fdqfc83jLaQfJiGbP6,0.0
resp_fuids_Fe7cxU3GOtQ2R3Hpk8,0.0
resp_fuids_Fe9Rs6a90QpY9bBC1,0.0
resp_fuids_FeB5emgQrs7EKA4bl,0.0
resp_fuids_FeCmIg4DbpNyhtraVj,0.0
resp_fuids_FeEGXtk4WVYQkTY6k,0.0
resp_fuids_FeF7dw3i03jSSEw3c,0.0
resp_fuids_FeHV4L1dBNOYK2v4j7,0.0
resp_fuids_FeIcHQ1AOIS8brIm0e,0.0
resp_fuids_FeRoon17zoOoYtR9Pa,0.0
resp_fuids_FeTUgq2KOCWhNgi5wb,0.0
resp_fuids_FeVJP12vbXVgVJBrTd,0.0
orig_fuids_FPxxtt4BE8phfr4M46,0.0
orig_fuids_FQcD0zAZXus2K8p6h,0.0
orig_fuids_FQicCYufMEhsdMkg5,0.0
orig_fuids_FQprMB3k3PiSGdXLLd,0.0
orig_fuids_FRIJ4f4BBhJoyDyqx1,0.0
orig_fuids_FSCMSM1H2QagEtLkFl,0.0
orig_fuids_FSLVCG3LmtZd3IXUqe,0.0
orig_fuids_FSTbXNOpc0hiSp7Kf,0.0
orig_fuids_FSXaU9XAjArStntZj,0.0
orig_fuids_FScZue3fJG3TCbBLK8,0.0
orig_fuids_FT3D9o4myvGFmAPmi5,0.0
orig_fuids_FT4vF24rBPUDMwyTY8,0.0
orig_fuids_FUBLYX1NhzFJVTPoca,0.0
resp_fuids_FeYZCz2yDfCaqd54ja,0.0
resp_fuids_FecK196NJQwizU5Y2,0.0
resp_fuids_FefepO32BbDixZsLO7,0.0
resp_fuids_Fegwj58qrKfMbzygh,0.0
resp_fuids_FehnJ01uKYKQlyFnad,0.0
resp_fuids_F3WyKq3XAbvHUEoHb9,0.0
resp_fuids_FexzaJ23zOLDYutNLa,0.0
resp_fuids_Ff0cjm4Mb9MZutKfF9,0.0
resp_fuids_Ff294e2qp7pScsuLbc,0.0
resp_fuids_Ff84WH2xobssfGgYca,0.0
resp_fuids_FfDkzA27tRFF7nwyE2,0.0
resp_fuids_FfGPlm1FijNvpiFahf,0.0
resp_fuids_FfP3712crLVIYEBn7b,0.0
resp_fuids_FfPn2h1tmsMsvlPWOd,0.0
resp_fuids_FfUX2f3dVejMku8pec,0.0
resp_fuids_FfbeRc1bFRYkgLVU0k,0.0
resp_fuids_FfdT2g4jbNOTx4IEFe,0.0
resp_fuids_FfeSUKl82EU45FzVk,0.0
resp_fuids_FfhgJL26xjAYj6Qvh2,0.0
resp_fuids_FfonNyfiNnergFx8e,0.0
resp_fuids_FfrwoO3KJ5xNcmFcr1,0.0
resp_fuids_Ffs5M11GBCTxHnMBne,0.0
resp_fuids_FfuGXP3DipbA0yhe6d,0.0
resp_fuids_FfyAuBcLzLErm6B83,0.0
resp_fuids_Ffynq12EiyDg7Z0dX7,0.0
orig_fuids_FLvSz71N298r7yWHyf,0.0
orig_fuids_FM7qEjBI9HqGiqEld,0.0
orig_fuids_FMUbBM2l9tYxi2O7yk,0.0
orig_fuids_FNJqp71pNZzzkmMEq7,0.0
orig_fuids_FNYbo024FhfzDK9YSc,0.0
orig_fuids_FNdn9f2hCn6P5I7n9,0.0
orig_fuids_FO58qb3HuMjpqUZWVb,0.0
orig_fuids_FOELAt3khH2dc8tpGj,0.0
orig_fuids_FOS1tn11BqQhvRENVa,0.0
orig_fuids_FOTfzg40ttUIo0RIe8,0.0
orig_fuids_FPDNw93z4JVY02Fu5c,0.0
orig_fuids_FPldtY3JOOFEE9SxP5,0.0
orig_fuids_FPx6o63pMBK0jWWts3,0.0
resp_fuids_Fg62bh3QPRPUq0iqxd,0.0
resp_fuids_FgDeOA6KpkufSfLVj,0.0
resp_fuids_F3bMAT2K9CmYPUZiZk,0.0
resp_fuids_FgQI7xhUJShFcdKY2,0.0
resp_fuids_FgiA1g3HoGarPAyAFc,0.0
resp_fuids_F3cbZd4c4oIEYhMptb,0.0
resp_fuids_FgxhI52glxGMA2UEP5,0.0
resp_fuids_Fh0Kop2U4z094AJV77,0.0
resp_fuids_Fh5GhA4AXTYg4sNWN7,0.0
resp_fuids_FigFuo2Qec5bSBgXvh,0.0
resp_fuids_Fh6aaFjv9CVm09vnk,0.0
resp_fuids_FhBYGk2ewXY2inhxlc,0.0
resp_fuids_FhMI6K1YGqLBzm5loa,0.0
resp_fuids_FhOBFR5zwt86t3Oq3,0.0
resp_fuids_FhRqrN3j5Z77F8AlI,0.0
resp_fuids_FhgaQi30k2dI3ZCjRk,0.0
resp_fuids_FhjDoG3CLvKA7cH7h5,0.0
resp_fuids_Fhjr9aHpaNNGKsKaa,0.0
resp_fuids_FhsYUzK3Xj1xbAff7,0.0
orig_fuids_FIjk1waPUrMFkUOZh,0.0
orig_fuids_FIoH9Hcx4smS1yN4,0.0
orig_fuids_FIpHxj1UngHlo9gCSa,0.0
orig_fuids_FIvCN34uD9EvC3gaf4,0.0
orig_fuids_FJ5shb4WjKEVUVr7sh,0.0
orig_fuids_FJMLXE2nlfkor22u22,0.0
orig_fuids_FEZCB946ekDhkYv5Pb,0.0
orig_fuids_FFcVGY2bNxvNfxJc96,0.0
orig_fuids_FH6PRy36K4aAGH2Stk,0.0
orig_fuids_FHA8pn4gA0ePYpT4Jg,0.0
orig_fuids_FJPESoJ8M4877qZS2,0.0
orig_fuids_FJgteD3VCr59MGCKU7,0.0
orig_fuids_FLffwh4heQOLYhbbJc,0.0
resp_fuids_FhvdOvF5js2psWO3i,0.0
resp_fuids_Fi0b9m1H1bwC81OShb,0.0
resp_fuids_FiEMuO1Vm2xDgJ8sY6,0.0
resp_fuids_FiEjKf4DWW0cSWHADj,0.0
resp_fuids_FiEnNA2NeRmBcIXRVf,0.0
resp_fuids_FiJBtZ1pfPORDhfxSg,0.0
resp_fuids_FiJlMB1cFx4aVs8Hj4,0.0
resp_fuids_FieyTD4qeFhLVZ0QF1,0.0
resp_fuids_FifggF3gjYaJ5Hvf3f,0.0
resp_fuids_FlYBXr2PuRCgSOxWDe,0.0
resp_fuids_FleYBz3VS9FHQb2rK3,0.0
resp_fuids_FliGiF3PalHgdvRSLb,0.0
resp_fuids_FlisDf2lNHSPrf8cxk,0.0
resp_fuids_Filo4O2oU7IjK8KVPb,0.0
resp_fuids_FiuHcj4KHWy4exGny5,0.0
resp_fuids_Fj4dFt1uGszgzCJbH3,0.0
resp_fuids_Fj6jId2sFgYgAIRQmh,0.0
resp_fuids_FjAi8c2gEwZOW0WPb6,0.0
resp_fuids_FjHmCf96M5LcDWkv5,0.0
resp_fuids_FjQJH43LO9JpV9gWK7,0.0
resp_fuids_FjSvI71cL7zLg19RWg,0.0
resp_fuids_FjbN09256J8bzDAsV6,0.0
resp_fuids_F3ccr81srJvz1ClS2g,0.0
orig_fuids_FE5uf94b1L9U8D6VIk,0.0
orig_fuids_FEB5XH3xGCiUDofmQh,0.0
orig_fuids_FBpDwT2bCpjQIGPy0a,0.0
orig_fuids_FBrWt2YPAy7KjhEbe,0.0
orig_fuids_FByqXj20lTuGDC2wbf,0.0
orig_fuids_FCCwpr3sDm4zVSCmM2,0.0
orig_fuids_FCzhpn3LtExhoMdGme,0.0
orig_fuids_FIGjJ63hdn88kVUAL5,0.0
orig_fuids_FIK5hj2nJ2aheD3Ytk,0.0
orig_fuids_FIQZXk3I5tmtEDEhM3,0.0
resp_fuids_Fjqi3G1hbjcB4ziyA2,0.0
resp_fuids_FjwWJC4WlQ3RhUrJu5,0.0
resp_fuids_FkSD36V1EJRj8cqMj,0.0
resp_fuids_FkfgZEB9bt1ZsBDm8,0.0
resp_fuids_Fl8VyI1aGiYXONBSB5,0.0
resp_fuids_FlCdaj1yl15qYWyaKj,0.0
resp_fuids_FlGDCS1WYMtSPME0k,0.0
resp_fuids_FlHIMA3VbxBGakmUQj,0.0
resp_fuids_FnRR7t4RuXCn3PZ0Be,0.0
resp_fuids_FndbR62TIqGbWsKCDl,0.0
resp_fuids_FniUhW34j4YQh9NGId,0.0
resp_fuids_Fnjzdz23IBPhuLHIY4,0.0
resp_fuids_FnnbT41TgW9kYCfdy1,0.0
resp_fuids_Fo49Jt1E6a8wHlWDcc,0.0
resp_fuids_FlsLbr2ztdERLoNVDj,0.0
resp_fuids_FlyHO623bJCZ83Mds5,0.0
resp_fuids_FlzY2828llXo00yYJl,0.0
resp_fuids_Fm1BFD3UyRL6Oezed5,0.0
resp_fuids_FmDupg280UbAaxd1u,0.0
resp_fuids_FmHqZ94bA4qg0MMOQi,0.0
resp_fuids_F3iOU2PiT9UEk6wx9,0.0
orig_fuids_FAYS972DGoh9X4nrXa,0.0
orig_fuids_FAcSeM1wXyKDoS77C8,0.0
orig_fuids_FBit8X3naiPqGYAqJf,0.0
resp_fuids_Fp3G87TQQS7zqvuYg,0.0
resp_fuids_FpJssH2f5jXVMbebHi,0.0
resp_fuids_FpPrDe7WpnYiRptpd,0.0
resp_fuids_FphHKC5o9xx8mqWyl,0.0
resp_fuids_FpnIz54ISKExsGUl75,0.0
resp_fuids_FprvLB3aizqvR4z6Mh,0.0
resp_fuids_Fq2ySIi9JcKd3D9Xb,0.0
resp_fuids_Fq3cbJ2N5JwiX2clYf,0.0
resp_fuids_FqE3Ax2Qq1M4e6nUMk,0.0
orig_fuids_FD9W1m1OimB5BXC18f,0.0
orig_fuids_FDM9fb319KGZ5n5sib,0.0
resp_fuids_F3tkLC4jXk2M680wVc,0.0
orig_fuids_FDzFMe1vfvQFJxPVI4,0.0
resp_fuids_FmW2l034uDppknvMmc,0.0
resp_fuids_Fn42VpbAoEv3pUR0e,0.0
resp_fuids_Fn7dVWrwgTwAiOOl,0.0
resp_fuids_Fqf3cG5SvVxgiPT4l,0.0
orig_fuids_F7rG7A3wRrf3ouZjU7,0.0
orig_fuids_F7t9Pm2kRbpOHZwFBe,0.0
orig_fuids_F8JdBwhWmMDe5MpFi,0.0
orig_fuids_F95FB6275RNbO281Zj,0.0
orig_fuids_F9NAcp4D3i722I2CM2,0.0
orig_fuids_F9bYeW25eP4JrDXqbd,0.0
orig_fuids_F9eW4h3tjAMgCPRJPc,0.0
orig_fuids_F9g2Is3B21TXZPbgZ1,0.0
orig_fuids_F9pPmzRcge4mif313,0.0
orig_fuids_FAEREzCE3VcUfzEE7,0.0
resp_fuids_Fo4l2s1OvtyuoIk8f9,0.0
resp_fuids_FoFu9Z2SY3Floa2SK7,0.0
resp_fuids_FoNFYy1N2tVqq0Lz,0.0
resp_fuids_FoanKO3cuxQimc6Tz2,0.0
resp_fuids_FosQ7U1XPoFj7Uu2Ud,0.0
resp_fuids_Fr5FESDIivkADYqzd,0.0
resp_fuids_Fr78VZ1aRyyYbdSDA6,0.0
resp_fuids_FrBXBl2UzNuAP2vPuh,0.0
resp_fuids_FrGXxE0z27wkh4yx9,0.0
resp_fuids_FrHWUx1CkcFnQEPKjb,0.0
resp_fuids_FrTlBr1GzXj206zK3d,0.0
resp_fuids_FrfHml2gPqencIM5jg,0.0
resp_fuids_FrlGPclaqsJddIhHg,0.0
resp_fuids_Frq2fg14h1vept8w5g,0.0
resp_fuids_FrsXEx2qNmO4HUM5Z1,0.0
resp_fuids_Fs3wa2xMDv6vfxATg,0.0
resp_fuids_FqIgzv1kqxE6K8InA,0.0
resp_fuids_FqVlvs4Wyu1AjIXAK2,0.0
resp_fuids_FqYOXs2VHAVC6nAPcd,0.0
resp_fuids_FqZXn22t697T9GT797,0.0
resp_fuids_Fqdgqe49g4Se9HgHr1,0.0
resp_fuids_FsNmLW2s5goncUrG81,0.0
resp_fuids_FsY0KRRH171QL3aci,0.0
resp_fuids_Fsdhz81oCsIQ3Fqvg8,0.0
orig_fuids_F4i6nm3W66sWvEw1dh,0.0
orig_fuids_F5Gx0j4RoxPl4wZq1,0.0
orig_fuids_F5XtJz5CX0B2YgfIi,0.0
orig_fuids_F5pxZt64lEBdtLKcb,0.0
orig_fuids_F5w1Tb6sUssata8ug,0.0
orig_fuids_F64c1wmsK5z6Styxb,0.0
orig_fuids_F6ahSC1xWTdmW4syIf,0.0
orig_fuids_F6dsO41SlirRKMzS5h,0.0
orig_fuids_FAEq5Y1Ue98bQn8KU4,0.0
orig_fuids_FAHXziUlR8uENj9Ad,0.0
resp_fuids_FqnMnqnxRnXDWAGH,0.0
resp_fuids_FqvXT14LcCz1GDnA7a,0.0
resp_fuids_Fr2pIr4a1jphOOFao1,0.0
orig_fuids_F7qod92o2ZrDjut4Og,0.0
resp_fuids_FsmGON2hUoPeUEm5fa,0.0
resp_fuids_FsqpnQ3vu11dPqbcpd,0.0
resp_fuids_FtFKn42S4n7EdLu3ga,0.0
resp_fuids_FtKdy8ve1NrRr3842,0.0
resp_fuids_FtMYWK11tGgI0qw5O6,0.0
resp_fuids_FtQaQa2k8Yv6vfkxu,0.0
resp_fuids_FtYhWr3VSEvL32Nivk,0.0
resp_fuids_FtZVqfW9YILDvydD1,0.0
resp_fuids_FtecPp3QTWKrxqdY3f,0.0
resp_fuids_FtgG8q3IFw1Lrz8zFa,0.0
resp_fuids_Ftl2YB347BsZy3zS7g,0.0
resp_fuids_FsDIt2HNoKCZ7cTZd,0.0
resp_fuids_FsDWEM1O0tqWBj2tUl,0.0
resp_fuids_FsF6T44QVbcHDl7y23,0.0
resp_fuids_FsIPRhHVohHm6Z3l7,0.0
resp_fuids_FuBpxOZ6bTQLZeO3h,0.0
resp_fuids_FuNQzS2g2zSb2M2E72,0.0
resp_fuids_FuSckz32tSiUAFuM09,0.0
resp_fuids_FuTXQwJ9c0MEYAY89,0.0
resp_fuids_FugkcSkXl4Jvt8kP6,0.0
resp_fuids_Fuk4b9fe7b4833rw9,0.0
resp_fuids_FumkLM2wPIiD2yFg5,0.0
resp_fuids_FupB611xZTsyyeUzc7,0.0
resp_fuids_FurVJh3RJhYQcAAPL2,0.0
resp_fuids_FurccG3MOZJcBbiJci,0.0
resp_fuids_FutbfJ1jU9NMQhZEh9,0.0
resp_fuids_FuvAkK3YD7gqReHK7k,0.0
resp_fuids_FuvgK910m18RE8MTV9,0.0
orig_fuids_F6yP9e3scRfTBwpmT6,0.0
orig_fuids_F71iun2wcItW0DlMzd,0.0
orig_fuids_F7j4Ud3jpwnUSuBJKl,0.0
resp_fuids_FvBr6C3Dmkr1qqmfoe,0.0
orig_fuids_F1WpRQ3ELS1RegZjb,0.0
orig_fuids_F1nnIi1n7QujqTWBXe,0.0
orig_fuids_F1qa6P2EWJSMD4mdS1,0.0
orig_fuids_F28w543vFDhIGkLobg,0.0
orig_fuids_F2YWW83myEgmFMCngj,0.0
orig_fuids_F2layhiZlUWICvQ7j,0.0
orig_fuids_F3KJF1yAwR7mDyYwk,0.0
orig_fuids_F3glJO3FzSLnRIi5qh,0.0
orig_fuids_F3m5lftzRjzoI8Kp5,0.0
orig_fuids_F3p9dj2OMw9ZEc9AHl,0.0
orig_fuids_F3ruC32hMpvBR8GUa2,0.0
orig_fuids_F4I1Gi9YT7ia9W9u7,0.0
resp_fuids_Fts88T3TFDkIKDilie,0.0
resp_fuids_FtuE1H7fzryzAi5i,0.0
resp_fuids_Fu0uJ3wTz1HxsSmyl,0.0
orig_fuids_F10K9tm0VYTjF4xA3,0.0
orig_fuids_F1HICk30uZQekvoC8,0.0
tunnel_parents_-,0.0
resp_fuids_FvLS7m4KcOx50jO8yd,0.0
resp_fuids_FvQ8yS2XLBLS7pQlkc,0.0
resp_fuids_FvS3bKc2EEh0HJSWh,0.0
resp_fuids_Fvf3c924yr53URNQe5,0.0
resp_fuids_Fvjxvl2B7LMDFvJpt8,0.0
resp_fuids_FvkTdM6hIaKivT2s1,0.0
resp_fuids_FvngWa3x8kf2IhUZGj,0.0
resp_fuids_Fw3sXl1GluIqpLwVx9,0.0
resp_fuids_FwEJjO1O9T04iYqav3,0.0
resp_fuids_FwKeOGCcQiweDhEyc,0.0
history_ShAaGDFdcR,0.0
resp_fuids_FuyaeF1RoYuVHOhvbi,0.0
resp_fuids_Fv8FeV2mql40qwWJ8f,0.0
history_ShADadgR,0.0
history_ShADaFdcfR,0.0
resp_fuids_FwMDHrUeOwo8GS3w9,0.0
resp_fuids_FwOvi42YFWW6wcgF7h,0.0
resp_fuids_FwQ4C21GiCm08Cbdwa,0.0
resp_fuids_FwQwlt1bbOUpefpF9i,0.0
resp_fuids_FwVagF3eQBM84iQBQb,0.0
resp_fuids_FwlA5D3B05uEdRjaxa,0.0
resp_fuids_FwlC394N5SWmTlyCkl,0.0
resp_fuids_Fwojp04axDs8vVzRqj,0.0
resp_fuids_FwowUU3FyH5oDucIUh,0.0
resp_fuids_FwpUSu4q7V3pK82I4d,0.0
resp_fuids_Fx2BJg2Gyf600Hpg6l,0.0
resp_fuids_Fx2Eon2G8iSMBqVZu,0.0
orig_fuids_F4X92O2YXCXQx8fa67,0.0
orig_fuids_F0L11P1iN4zaUoqnA2,0.0
resp_fuids_F57h5p3SfiKvRRmbgb,0.0
resp_fuids_F5Hvzx4YwO3Z6a0PN7,0.0
resp_fuids_F5Jdcx4V1KOqv14eQ4,0.0
resp_fuids_F5MXNpEEll0QqxAx7,0.0
resp_fuids_F5Rer131lG5lH6N9qa,0.0
resp_fuids_F5UuTC2eV8LmozAWVe,0.0
resp_fuids_F5cHv12568eJi8lgvj,0.0
resp_fuids_F5fKuH38FFCmAf2LLl,0.0
resp_fuids_F5hLYL3ukPYa4tPlFc,0.0
resp_fuids_F5jsE020Ir1j9wG9E3,0.0
resp_fuids_F5l6I21IIBbRJaNmOf,0.0
resp_fuids_FyQnrz4c21qHdLDWjc,0.0
resp_fuids_F3zdPrZyiKtphFyk9,0.0
history_ShADTFcRf,0.0
history_ShAaGDdgcfR,0.0
history_^hSADTacdfR,0.0
history_ShADTagcR,0.0
history_ShADTadgR,0.0
history_ShADTaFRcf,0.0
history_ShADTaFdcfR,0.0
resp_fuids_Fx75my25Yray6eUfq5,0.0
resp_fuids_FxAqJ31Flu1ukHKYg6,0.0
resp_fuids_FxBb523UAti9wk0Sfe,0.0
resp_fuids_FxGe5l2cNKzkiVMIe,0.0
resp_fuids_FxYUoBWZme3maBW2a,0.0
resp_fuids_FxxpA94Pbq1NI21fDf,0.0
resp_fuids_Fxz65FaTQCUmNoCL8,0.0
resp_fuids_FxzL8y4tDkzyYo2mRh,0.0
resp_fuids_F2tNjntP9N4oL2vrk,0.0
resp_fuids_F332FX1jRezIHirGf9,0.0
resp_fuids_F4Xxtz3cOkgk7piCci,0.0
history_ShADTFaTRcd,0.0
resp_fuids_F4Boch4FT7Zm6lJJbb,0.0
history_ShADTFaTRcdf,0.0
history_ShADTFaRd,0.0
history_ShADTFaTdR,0.0
history_SAhDTaFcR,0.0
history_SAhDTaFdcR,0.0
history_SAhDTadR,0.0
resp_fuids_F44Pxx11dL7Zfiao3e,0.0
history_SAhDacdgfR,0.0
local_orig_x_T,0.0
resp_fuids_F4vKXR3mXoGQG1hH1e,0.0
resp_fuids_FzTsEi4ugf1nBUnB91,0.0
resp_fuids_Fzk6Myx8UV5aU6Mfe,0.0
history_ShADTFRcd,0.0
resp_fuids_F4RTMuN49omnGMSCh,0.0
overflow_bytes,0.0
